-- KSP Unified Migration
-- Generated: 2026-01-29T00:07:16.910Z

PRAGMA foreign_keys = OFF;

-- CLEANUP
DELETE FROM attendance;
DELETE FROM grades;
DELETE FROM documents;
DELETE FROM transactions;
DELETE FROM subjects;
DELETE FROM students;
DELETE FROM teachers;
DELETE FROM classes;
DELETE FROM users WHERE role != 'admin';

-- USERS
INSERT OR REPLACE INTO users (id, email, password_hash, role, first_name, last_name, phone, is_active) VALUES ('b6e8ca4c-543e-4ff5-806f-aa30b757fa10', 'soumahoromohamedK@protonmail.com', 'hash', 'staff', 'soumahoromohamedK', 'User', NULL, 1);
INSERT OR REPLACE INTO users (id, email, password_hash, role, first_name, last_name, phone, is_active) VALUES ('c8e8324f-8743-4d7d-8b6d-e19d16b6c96b', 'hynterprince@gmail.com', 'hash', 'staff', 'hynterprince', 'User', '‪+2250749819582‬', 1);
INSERT OR REPLACE INTO users (id, email, password_hash, role, first_name, last_name, phone, is_active) VALUES ('615b2168-0403-41c8-ab71-961d43bd491d', 'supporteam@perissosdigital.com', 'hash', 'admin', 'supporteam', 'User', NULL, 1);
INSERT OR REPLACE INTO users (id, email, password_hash, role, first_name, last_name, phone, is_active) VALUES ('9632ace2-5c4c-419c-ac93-d094165a4d91', 'parent1@example.ci', 'hash', 'parent', 'parent1', 'User', NULL, 1);
INSERT OR REPLACE INTO users (id, email, password_hash, role, first_name, last_name, phone, is_active) VALUES ('79716d58-e4ea-4206-853f-9c891b10305b', 'mkone@ksp-school.ci', 'hash', 'teacher', 'mkone', 'User', NULL, 1);
INSERT OR REPLACE INTO users (id, email, password_hash, role, first_name, last_name, phone, is_active) VALUES ('7ec081a1-4f0e-4d0a-8eb0-1c18a87e20d7', 'acoulibaly@ksp-school.ci', 'hash', 'teacher', 'acoulibaly', 'User', NULL, 1);
INSERT OR REPLACE INTO users (id, email, password_hash, role, first_name, last_name, phone, is_active) VALUES ('eb4a5bca-5b07-4f63-8d1f-033eda9ac2b2', 'admin@ksp-school.ci', 'hash', 'admin', 'admin', 'User', NULL, 1);
INSERT OR REPLACE INTO users (id, email, password_hash, role, first_name, last_name, phone, is_active) VALUES ('9ce44ef0-f2ca-4af3-a660-eaf2468d3fdd', 'agent@ksp-school.com', 'hash', 'staff', 'agent', 'User', NULL, 1);
INSERT OR REPLACE INTO users (id, email, password_hash, role, first_name, last_name, phone, is_active) VALUES ('a369658b-2353-4d50-be63-edb6ad6aeb34', 'enseignant@ksp-school.com', 'hash', 'teacher', 'enseignant', 'User', NULL, 1);
INSERT OR REPLACE INTO users (id, email, password_hash, role, first_name, last_name, phone, is_active) VALUES ('81bb96ba-d504-4487-a9ed-68d5a2a2541e', 'comptable@ksp-school.com', 'hash', 'staff', 'comptable', 'User', NULL, 1);
INSERT OR REPLACE INTO users (id, email, password_hash, role, first_name, last_name, phone, is_active) VALUES ('b658b15e-df2b-488b-aab8-ca40ba1454bd', 'directrice@ksp-school.com', 'hash', 'staff', 'directrice', 'User', NULL, 1);
INSERT OR REPLACE INTO users (id, email, password_hash, role, first_name, last_name, phone, is_active) VALUES ('a00cfc02-e92a-4a23-9669-3434e465e59b', 'admin@ksp-school.com', 'hash', 'admin', 'admin', 'User', NULL, 1);
INSERT OR REPLACE INTO users (id, email, password_hash, role, first_name, last_name, phone, is_active) VALUES ('4edaf1b3-e1c4-4ae5-9841-cd6e1224032f', 'fondatrice@ksp-school.com', 'hash', 'staff', 'fondatrice', 'User', NULL, 1);

-- SUBJECTS

-- TEACHERS
INSERT OR REPLACE INTO teachers (id, user_id, specialization, hire_date, status) VALUES ('2ec6c35e-8f06-4689-90da-0752e357899d', NULL, 'CE', NULL, 'active');
INSERT OR REPLACE INTO teachers (id, user_id, specialization, hire_date, status) VALUES ('142953ab-c7fb-49e7-b044-055cf335c626', NULL, 'Maternelle', NULL, 'active');
INSERT OR REPLACE INTO teachers (id, user_id, specialization, hire_date, status) VALUES ('94696a0d-32cc-4366-a41e-cf03d8300ace', NULL, 'CM', '2026-01-23', 'active');
INSERT OR REPLACE INTO teachers (id, user_id, specialization, hire_date, status) VALUES ('7b0783cc-74f3-4985-a320-90e0c721ed78', NULL, 'SPORT', NULL, 'active');
INSERT OR REPLACE INTO teachers (id, user_id, specialization, hire_date, status) VALUES ('5e03ce87-2e8e-45c7-bacf-70885ad87752', NULL, 'CP', NULL, 'active');
INSERT OR REPLACE INTO teachers (id, user_id, specialization, hire_date, status) VALUES ('4eaaf564-6320-45c8-866a-3e852ad7bbf7', NULL, 'CM', '2026-01-23', 'active');
INSERT OR REPLACE INTO teachers (id, user_id, specialization, hire_date, status) VALUES ('f1d23097-129b-484a-8a01-399118f73685', NULL, 'CP', NULL, 'active');
INSERT OR REPLACE INTO teachers (id, user_id, specialization, hire_date, status) VALUES ('5d99fe18-416a-4403-8fc9-d4f16719bf8d', NULL, 'Maternelle', NULL, 'active');
INSERT OR REPLACE INTO teachers (id, user_id, specialization, hire_date, status) VALUES ('73da3302-9fd9-48ed-8ae5-3e1620672a08', NULL, 'CE', NULL, 'active');
INSERT OR REPLACE INTO teachers (id, user_id, specialization, hire_date, status) VALUES ('d0c89d40-f531-4155-b249-31fa29c4ab7a', NULL, 'ANGLAIS / INFORMATIQUE', NULL, 'active');

-- CLASSES
INSERT OR REPLACE INTO classes (id, name, level, academic_year, main_teacher_id, room_number, capacity, is_active) VALUES ('7d494096-2e53-4dfb-9dab-779f916e66c5', 'CE1', 'CE', '2025-2026', '73da3302-9fd9-48ed-8ae5-3e1620672a08', NULL, 35, 1);
INSERT OR REPLACE INTO classes (id, name, level, academic_year, main_teacher_id, room_number, capacity, is_active) VALUES ('799fc85a-1725-40d2-aaf7-f869e369e763', 'CE2', 'CE', '2025-2026', '2ec6c35e-8f06-4689-90da-0752e357899d', NULL, 35, 1);
INSERT OR REPLACE INTO classes (id, name, level, academic_year, main_teacher_id, room_number, capacity, is_active) VALUES ('75cca38f-ee81-457d-871d-6639af07b65a', 'CM1', 'CM', '2025-2026', '94696a0d-32cc-4366-a41e-cf03d8300ace', NULL, 35, 1);
INSERT OR REPLACE INTO classes (id, name, level, academic_year, main_teacher_id, room_number, capacity, is_active) VALUES ('e2f98748-2871-4f69-9e3d-cba192a62a6c', 'CM2', 'CM', '2025-2026', '94696a0d-32cc-4366-a41e-cf03d8300ace', NULL, 35, 1);
INSERT OR REPLACE INTO classes (id, name, level, academic_year, main_teacher_id, room_number, capacity, is_active) VALUES ('419eb6a0-1dbf-4194-8491-7f811c5b25e9', 'CP 1', 'CP', '2025-2026', 'f1d23097-129b-484a-8a01-399118f73685', NULL, 35, 1);
INSERT OR REPLACE INTO classes (id, name, level, academic_year, main_teacher_id, room_number, capacity, is_active) VALUES ('bb354ac7-d5d3-495c-9522-14d7b9ba421e', 'CP 2', 'CP', '2025-2026', '5e03ce87-2e8e-45c7-bacf-70885ad87752', NULL, 35, 1);

-- STUDENTS
INSERT OR REPLACE INTO students (id, user_id, student_code, birth_date, gender, nationality, birth_place, address, enrollment_date, class_id, academic_level, emergency_contact, medical_info, status, photo_url) VALUES ('230a16f6-33e5-427d-86f1-99eda8f11cdf', NULL, 'KSP-S-CM-2526-024', '2015-11-05', 'Féminin', 'Ivoirienne', 'BOUAFLE', 'Non spécifié', '2026-01-23', 'e2f98748-2871-4f69-9e3d-cba192a62a6c', 'CM', '0000000000', 'Régime: Sans cantine', 'en attente', NULL);
INSERT OR REPLACE INTO students (id, user_id, student_code, birth_date, gender, nationality, birth_place, address, enrollment_date, class_id, academic_level, emergency_contact, medical_info, status, photo_url) VALUES ('50ce62ed-98fb-408b-85d5-f8e57eadb189', NULL, 'KSP-S-CP-2526-001', '2019-09-25', 'Masculin', 'Ivoirienne', 'PORT-BOUET', 'Non spécifié', '2026-01-23', '419eb6a0-1dbf-4194-8491-7f811c5b25e9', 'CP', '0000000000', 'Régime: Social', 'en attente', NULL);
INSERT OR REPLACE INTO students (id, user_id, student_code, birth_date, gender, nationality, birth_place, address, enrollment_date, class_id, academic_level, emergency_contact, medical_info, status, photo_url) VALUES ('fbb19650-881a-4198-8ac9-c7d69ce508cb', NULL, 'KSP-S-CM-2526-023', '2015-11-11', 'Féminin', 'Ivoirienne', 'OUME', 'Non spécifié', '2026-01-23', 'e2f98748-2871-4f69-9e3d-cba192a62a6c', 'CM', '0000000000', 'Régime: Social', 'en attente', NULL);
INSERT OR REPLACE INTO students (id, user_id, student_code, birth_date, gender, nationality, birth_place, address, enrollment_date, class_id, academic_level, emergency_contact, medical_info, status, photo_url) VALUES ('dacb29aa-7f96-4e41-93b7-f67bb51bbc7c', NULL, 'KSP-S-CM-2526-022', '2015-10-19', 'Féminin', 'Ivoirienne', 'DIVO', 'Non spécifié', '2026-01-23', 'e2f98748-2871-4f69-9e3d-cba192a62a6c', 'CM', '0000000000', 'Régime: Sans cantine', 'en attente', NULL);
INSERT OR REPLACE INTO students (id, user_id, student_code, birth_date, gender, nationality, birth_place, address, enrollment_date, class_id, academic_level, emergency_contact, medical_info, status, photo_url) VALUES ('5997867a-57ec-4b75-a28a-015dd6f6cecc', NULL, 'KSP-S-CM-2526-021', '2014-03-24', 'Masculin', 'Ivoirienne', 'ATTINGUIE S/P ANYAMA', 'Non spécifié', '2026-01-23', 'e2f98748-2871-4f69-9e3d-cba192a62a6c', 'CM', '0000000000', 'Régime: Cantine', 'en attente', NULL);
INSERT OR REPLACE INTO students (id, user_id, student_code, birth_date, gender, nationality, birth_place, address, enrollment_date, class_id, academic_level, emergency_contact, medical_info, status, photo_url) VALUES ('0bc90659-1036-4885-b39c-e61c6c712738', NULL, 'KSP-S-CM-2526-020', '2014-06-30', 'Féminin', 'Ivoirienne', 'PORT-BOUET', 'Non spécifié', '2026-01-23', 'e2f98748-2871-4f69-9e3d-cba192a62a6c', 'CM', '0000000000', 'Régime: Social', 'en attente', NULL);
INSERT OR REPLACE INTO students (id, user_id, student_code, birth_date, gender, nationality, birth_place, address, enrollment_date, class_id, academic_level, emergency_contact, medical_info, status, photo_url) VALUES ('1dba4102-d41f-4fc5-9dac-3b11e383d7f6', NULL, 'KSP-S-CM-2526-019', '2015-08-05', 'Masculin', 'Ivoirienne', 'YOPOUGON', 'Non spécifié', '2026-01-23', 'e2f98748-2871-4f69-9e3d-cba192a62a6c', 'CM', '0000000000', 'Régime: Cantine', 'en attente', NULL);
INSERT OR REPLACE INTO students (id, user_id, student_code, birth_date, gender, nationality, birth_place, address, enrollment_date, class_id, academic_level, emergency_contact, medical_info, status, photo_url) VALUES ('16301b79-4ac1-43bb-b2b0-8e60dd3ff15d', NULL, 'KSP-S-CM-2526-018', '2014-08-11', 'Féminin', 'Ivoirienne', 'BOUBO S/P DIVO', 'Non spécifié', '2026-01-23', 'e2f98748-2871-4f69-9e3d-cba192a62a6c', 'CM', '0000000000', 'Régime: Social', 'en attente', NULL);
INSERT OR REPLACE INTO students (id, user_id, student_code, birth_date, gender, nationality, birth_place, address, enrollment_date, class_id, academic_level, emergency_contact, medical_info, status, photo_url) VALUES ('5e26c616-e68b-4d86-9bcf-6b77b42178b8', NULL, 'KSP-S-CM-2526-017', '2014-07-10', 'Masculin', 'Ivoirienne', 'SONGON', 'Non spécifié', '2026-01-23', 'e2f98748-2871-4f69-9e3d-cba192a62a6c', 'CM', '0000000000', 'Régime: Social', 'en attente', NULL);
INSERT OR REPLACE INTO students (id, user_id, student_code, birth_date, gender, nationality, birth_place, address, enrollment_date, class_id, academic_level, emergency_contact, medical_info, status, photo_url) VALUES ('e49b6aea-d487-457e-aed6-97ea39f82e56', NULL, 'KSP-S-CM-2526-016', '2015-01-15', 'Féminin', 'Ivoirienne', 'YOPOUGON', 'Non spécifié', '2026-01-23', 'e2f98748-2871-4f69-9e3d-cba192a62a6c', 'CM', '0000000000', 'Régime: Sans cantine', 'en attente', NULL);
INSERT OR REPLACE INTO students (id, user_id, student_code, birth_date, gender, nationality, birth_place, address, enrollment_date, class_id, academic_level, emergency_contact, medical_info, status, photo_url) VALUES ('132231a4-af79-4f9a-9506-256910c8850e', NULL, 'KSP-S-CM-2526-015', '2015-09-02', 'Féminin', 'Ivoirienne', 'YOPOUGON', 'Non spécifié', '2026-01-23', 'e2f98748-2871-4f69-9e3d-cba192a62a6c', 'CM', '0000000000', 'Régime: Social', 'en attente', NULL);
INSERT OR REPLACE INTO students (id, user_id, student_code, birth_date, gender, nationality, birth_place, address, enrollment_date, class_id, academic_level, emergency_contact, medical_info, status, photo_url) VALUES ('2bb8839a-3c4a-4e11-b51c-6412bb4ef0ae', NULL, 'KSP-S-CM-2526-014', '2014-01-01', 'Féminin', 'Ivoirienne', 'Non spécifié', 'Non spécifié', '2026-01-23', 'e2f98748-2871-4f69-9e3d-cba192a62a6c', 'CM', '0000000000', 'Régime: Social', 'en attente', NULL);
INSERT OR REPLACE INTO students (id, user_id, student_code, birth_date, gender, nationality, birth_place, address, enrollment_date, class_id, academic_level, emergency_contact, medical_info, status, photo_url) VALUES ('02a1dc62-b5b5-4e3f-8d73-d5f498d07a9e', NULL, 'KSP-S-CM-2526-013', '2015-06-23', 'Féminin', 'Ivoirienne', 'YOPOUGON', 'Non spécifié', '2026-01-23', 'e2f98748-2871-4f69-9e3d-cba192a62a6c', 'CM', '0000000000', 'Régime: Sans cantine', 'en attente', NULL);
INSERT OR REPLACE INTO students (id, user_id, student_code, birth_date, gender, nationality, birth_place, address, enrollment_date, class_id, academic_level, emergency_contact, medical_info, status, photo_url) VALUES ('cdaad530-5c30-4a43-bb56-eaae032d5d14', NULL, 'KSP-S-CM-2526-012', '2015-09-14', 'Féminin', 'Ivoirienne', 'ABOBO', 'Non spécifié', '2026-01-23', 'e2f98748-2871-4f69-9e3d-cba192a62a6c', 'CM', '0000000000', 'Régime: Sans Cantine', 'en attente', NULL);
INSERT OR REPLACE INTO students (id, user_id, student_code, birth_date, gender, nationality, birth_place, address, enrollment_date, class_id, academic_level, emergency_contact, medical_info, status, photo_url) VALUES ('4cb9dd74-a9b2-410d-9a63-8917024f4953', NULL, 'KSP-S-CM-2526-011', '2016-04-16', 'Masculin', 'Ivoirienne', 'YOPOUGON', 'Non spécifié', '2026-01-23', '75cca38f-ee81-457d-871d-6639af07b65a', 'CM', '0000000000', 'Régime: Cantine', 'en attente', NULL);
INSERT OR REPLACE INTO students (id, user_id, student_code, birth_date, gender, nationality, birth_place, address, enrollment_date, class_id, academic_level, emergency_contact, medical_info, status, photo_url) VALUES ('1dd1a284-da35-420e-a945-fbf5d628c926', NULL, 'KSP-S-CM-2526-010', '2015-10-08', 'Féminin', 'Ivoirienne', 'DABOU', 'Non spécifié', '2026-01-23', '75cca38f-ee81-457d-871d-6639af07b65a', 'CM', '0000000000', NULL, 'en attente', NULL);
INSERT OR REPLACE INTO students (id, user_id, student_code, birth_date, gender, nationality, birth_place, address, enrollment_date, class_id, academic_level, emergency_contact, medical_info, status, photo_url) VALUES ('14c453de-213c-4836-8223-405abaf2341e', NULL, 'KSP-S-CM-2526-009', '2016-01-01', 'Féminin', 'Ivoirienne', 'YOPOUGON', 'Non spécifié', '2026-01-23', '75cca38f-ee81-457d-871d-6639af07b65a', 'CM', '0000000000', 'Régime: Sans Cantine', 'en attente', NULL);
INSERT OR REPLACE INTO students (id, user_id, student_code, birth_date, gender, nationality, birth_place, address, enrollment_date, class_id, academic_level, emergency_contact, medical_info, status, photo_url) VALUES ('48fafdc9-d41a-4692-a4a3-5b89566eb941', NULL, 'KSP-S-CM-2526-008', '2016-07-15', 'Masculin', 'Ivoirienne', 'BONOUA', 'Non spécifié', '2026-01-23', '75cca38f-ee81-457d-871d-6639af07b65a', 'CM', '0000000000', 'Régime: Sans Cantine', 'en attente', NULL);
INSERT OR REPLACE INTO students (id, user_id, student_code, birth_date, gender, nationality, birth_place, address, enrollment_date, class_id, academic_level, emergency_contact, medical_info, status, photo_url) VALUES ('ea874dc6-2919-4b75-ad1c-de01298c7bc5', NULL, 'KSP-S-CM-2526-007', '2015-10-14', 'Masculin', 'Ivoirienne', 'Non spécifié', 'Non spécifié', '2026-01-23', '75cca38f-ee81-457d-871d-6639af07b65a', 'CM', '0000000000', 'Régime: Sans Cantine', 'en attente', NULL);
INSERT OR REPLACE INTO students (id, user_id, student_code, birth_date, gender, nationality, birth_place, address, enrollment_date, class_id, academic_level, emergency_contact, medical_info, status, photo_url) VALUES ('9d539fc8-918d-4ee4-bf10-0c3363503471', NULL, 'KSP-S-CM-2526-006', '2016-09-19', 'Féminin', 'Ivoirienne', 'SIKENSI', 'Non spécifié', '2026-01-23', '75cca38f-ee81-457d-871d-6639af07b65a', 'CM', '0000000000', 'Régime: Sans Cantine', 'en attente', NULL);
INSERT OR REPLACE INTO students (id, user_id, student_code, birth_date, gender, nationality, birth_place, address, enrollment_date, class_id, academic_level, emergency_contact, medical_info, status, photo_url) VALUES ('223ffdaa-556b-4499-851d-f09687f4fe02', NULL, 'KSP-S-CM-2526-005', '2016-04-18', 'Féminin', 'Ivoirienne', 'ADJAME', 'Non spécifié', '2026-01-23', '75cca38f-ee81-457d-871d-6639af07b65a', 'CM', '0000000000', 'Régime: Sans Cantine', 'en attente', NULL);
INSERT OR REPLACE INTO students (id, user_id, student_code, birth_date, gender, nationality, birth_place, address, enrollment_date, class_id, academic_level, emergency_contact, medical_info, status, photo_url) VALUES ('96dc9128-5b47-4b6b-bf0d-9a466fff8d71', NULL, 'KSP-S-CM-2526-004', '2016-04-10', 'Féminin', 'Ivoirienne', 'ABOISSO', 'Non spécifié', '2026-01-23', '75cca38f-ee81-457d-871d-6639af07b65a', 'CM', '0000000000', 'Régime: Sans Cantine', 'en attente', NULL);
INSERT OR REPLACE INTO students (id, user_id, student_code, birth_date, gender, nationality, birth_place, address, enrollment_date, class_id, academic_level, emergency_contact, medical_info, status, photo_url) VALUES ('98c8e7ac-b774-41fd-bc18-94cbf771b1ec', NULL, 'KSP-S-CM-2526-003', '2014-01-01', 'Masculin', 'Ivoirienne', 'Non spécifié', 'Non spécifié', '2026-01-23', '75cca38f-ee81-457d-871d-6639af07b65a', 'CM', '0000000000', 'Régime: Social', 'en attente', NULL);
INSERT OR REPLACE INTO students (id, user_id, student_code, birth_date, gender, nationality, birth_place, address, enrollment_date, class_id, academic_level, emergency_contact, medical_info, status, photo_url) VALUES ('2d9b9606-3951-485a-8e95-6d79934e8536', NULL, 'KSP-S-CM-2526-002', '2013-10-08', 'Féminin', 'Ivoirienne', 'BOUNDIALI', 'Non spécifié', '2026-01-23', '75cca38f-ee81-457d-871d-6639af07b65a', 'CM', '0000000000', 'Régime: Social', 'en attente', NULL);
INSERT OR REPLACE INTO students (id, user_id, student_code, birth_date, gender, nationality, birth_place, address, enrollment_date, class_id, academic_level, emergency_contact, medical_info, status, photo_url) VALUES ('9e654d6f-f49e-4b09-b2cb-3629f18de4fa', NULL, 'KSP-S-CM-2526-001', '2014-01-01', 'Masculin', 'Ivoirienne', 'Non spécifié', 'Non spécifié', '2026-01-23', '75cca38f-ee81-457d-871d-6639af07b65a', 'CM', '0000000000', 'Régime: Social', 'en attente', NULL);
INSERT OR REPLACE INTO students (id, user_id, student_code, birth_date, gender, nationality, birth_place, address, enrollment_date, class_id, academic_level, emergency_contact, medical_info, status, photo_url) VALUES ('93520f7c-0484-4889-ae68-85793f7a7f62', NULL, 'KSP-S-CE-2526-032', '2017-04-28', 'Masculin', 'Ivoirienne', 'YOPOUGON', 'Non spécifié', '2026-01-23', '799fc85a-1725-40d2-aaf7-f869e369e763', 'CE', '0000000000', 'Régime: Sans cantine', 'active', NULL);
INSERT OR REPLACE INTO students (id, user_id, student_code, birth_date, gender, nationality, birth_place, address, enrollment_date, class_id, academic_level, emergency_contact, medical_info, status, photo_url) VALUES ('23d203a0-7c87-4479-9d91-02e4252ed72f', NULL, 'KSP-S-CE-2526-031', '2017-12-16', 'Masculin', 'Ivoirienne', 'DIVO', 'Non spécifié', '2026-01-23', '799fc85a-1725-40d2-aaf7-f869e369e763', 'CE', '0000000000', 'Régime: Sans cantine', 'active', NULL);
INSERT OR REPLACE INTO students (id, user_id, student_code, birth_date, gender, nationality, birth_place, address, enrollment_date, class_id, academic_level, emergency_contact, medical_info, status, photo_url) VALUES ('edea3dea-1371-405e-b694-97755979a363', NULL, 'KSP-S-CE-2526-030', '2016-11-02', 'Féminin', 'Ivoirienne', 'YOPOUGON', 'Non spécifié', '2026-01-23', '799fc85a-1725-40d2-aaf7-f869e369e763', 'CE', '0000000000', 'Régime: cantine', 'active', NULL);
INSERT OR REPLACE INTO students (id, user_id, student_code, birth_date, gender, nationality, birth_place, address, enrollment_date, class_id, academic_level, emergency_contact, medical_info, status, photo_url) VALUES ('ffbc5fbb-64cc-440b-bbdb-3ff11f825743', NULL, 'KSP-S-CE-2526-029', '2017-07-12', 'Féminin', 'Ivoirienne', 'YOPOUGON', 'Non spécifié', '2026-01-23', '799fc85a-1725-40d2-aaf7-f869e369e763', 'CE', '0000000000', 'Régime: Social', 'active', NULL);
INSERT OR REPLACE INTO students (id, user_id, student_code, birth_date, gender, nationality, birth_place, address, enrollment_date, class_id, academic_level, emergency_contact, medical_info, status, photo_url) VALUES ('0e88eedb-eb8f-4626-8da4-7af9cf76723f', NULL, 'KSP-S-CE-2526-028', '2015-06-21', 'Masculin', 'Ivoirienne', 'TREICHVILLE', 'Non spécifié', '2026-01-23', '799fc85a-1725-40d2-aaf7-f869e369e763', 'CE', '0000000000', 'Régime: Sans cantine', 'active', NULL);
INSERT OR REPLACE INTO students (id, user_id, student_code, birth_date, gender, nationality, birth_place, address, enrollment_date, class_id, academic_level, emergency_contact, medical_info, status, photo_url) VALUES ('db2788e2-e46e-4166-bae4-2e91d16ffd23', NULL, 'KSP-S-CE-2526-027', '2016-12-13', 'Masculin', 'Ivoirienne', 'YOPOUGON', 'Non spécifié', '2026-01-23', '799fc85a-1725-40d2-aaf7-f869e369e763', 'CE', '0000000000', 'Régime: Sans cantine', 'active', NULL);
INSERT OR REPLACE INTO students (id, user_id, student_code, birth_date, gender, nationality, birth_place, address, enrollment_date, class_id, academic_level, emergency_contact, medical_info, status, photo_url) VALUES ('198d64a7-eca8-49cf-8507-483720aacf3b', NULL, 'KSP-S-CE-2526-026', '2014-06-23', 'Masculin', 'Ivoirienne', 'SAN-PEDRO', 'Non spécifié', '2026-01-23', '799fc85a-1725-40d2-aaf7-f869e369e763', 'CE', '0000000000', 'Régime: Sans cantine', 'active', NULL);
INSERT OR REPLACE INTO students (id, user_id, student_code, birth_date, gender, nationality, birth_place, address, enrollment_date, class_id, academic_level, emergency_contact, medical_info, status, photo_url) VALUES ('26819db6-f406-4215-9189-82c3f391b5ba', NULL, 'KSP-S-CE-2526-025', '2017-10-25', 'Féminin', 'Ivoirienne', 'ADJAME', 'Non spécifié', '2026-01-23', '799fc85a-1725-40d2-aaf7-f869e369e763', 'CE', '0000000000', 'Régime: cantine', 'active', NULL);
INSERT OR REPLACE INTO students (id, user_id, student_code, birth_date, gender, nationality, birth_place, address, enrollment_date, class_id, academic_level, emergency_contact, medical_info, status, photo_url) VALUES ('2bb70962-96a3-4319-9646-4855c66c4033', NULL, 'KSP-S-CE-2526-024', '2017-06-08', 'Masculin', 'Ivoirienne', 'ADJOUAN', 'Non spécifié', '2026-01-23', '799fc85a-1725-40d2-aaf7-f869e369e763', 'CE', '0000000000', 'Régime: Sans cantine', 'active', NULL);
INSERT OR REPLACE INTO students (id, user_id, student_code, birth_date, gender, nationality, birth_place, address, enrollment_date, class_id, academic_level, emergency_contact, medical_info, status, photo_url) VALUES ('4de82e62-3d2f-465a-a60c-733628f98aa1', NULL, 'KSP-S-CE-2526-023', '2016-08-27', 'Féminin', 'Ivoirienne', 'YOPOUGON', 'Non spécifié', '2026-01-23', '799fc85a-1725-40d2-aaf7-f869e369e763', 'CE', '0000000000', 'Régime: Social', 'active', NULL);
INSERT OR REPLACE INTO students (id, user_id, student_code, birth_date, gender, nationality, birth_place, address, enrollment_date, class_id, academic_level, emergency_contact, medical_info, status, photo_url) VALUES ('5b5c9c61-26cb-42ed-82b3-6a69011712e6', NULL, 'KSP-S-CE-2526-022', '2015-12-06', 'Féminin', 'Ivoirienne', 'SONGON', 'Non spécifié', '2026-01-23', '799fc85a-1725-40d2-aaf7-f869e369e763', 'CE', '0000000000', 'Régime: Social', 'active', NULL);
INSERT OR REPLACE INTO students (id, user_id, student_code, birth_date, gender, nationality, birth_place, address, enrollment_date, class_id, academic_level, emergency_contact, medical_info, status, photo_url) VALUES ('2626c886-f4bf-422a-af72-1230f7b4fabe', NULL, 'KSP-S-CE-2526-021', '2017-12-16', 'Féminin', 'Ivoirienne', 'DIVO', 'Non spécifié', '2026-01-23', '799fc85a-1725-40d2-aaf7-f869e369e763', 'CE', '0000000000', 'Régime: Social', 'active', NULL);
INSERT OR REPLACE INTO students (id, user_id, student_code, birth_date, gender, nationality, birth_place, address, enrollment_date, class_id, academic_level, emergency_contact, medical_info, status, photo_url) VALUES ('1fa38e83-0282-43d9-8316-6c3051d0d07c', NULL, 'KSP-S-CE-2526-020', '2017-06-13', 'Féminin', 'Ivoirienne', 'GRAND-BASSAM', 'Non spécifié', '2026-01-23', '799fc85a-1725-40d2-aaf7-f869e369e763', 'CE', '0000000000', 'Régime: Sans cantine', 'active', NULL);
INSERT OR REPLACE INTO students (id, user_id, student_code, birth_date, gender, nationality, birth_place, address, enrollment_date, class_id, academic_level, emergency_contact, medical_info, status, photo_url) VALUES ('e39d6f91-83db-42d4-bdcd-20584a328d83', NULL, 'KSP-S-CE-2526-019', '2019-04-22', 'Masculin', 'Ivoirienne', 'ANYAMA', 'Non spécifié', '2026-01-23', '799fc85a-1725-40d2-aaf7-f869e369e763', 'CE', '0000000000', 'Régime: cantine', 'active', NULL);
INSERT OR REPLACE INTO students (id, user_id, student_code, birth_date, gender, nationality, birth_place, address, enrollment_date, class_id, academic_level, emergency_contact, medical_info, status, photo_url) VALUES ('634a93de-e1e7-465b-b270-a35c3cb435d5', NULL, 'KSP-S-CE-2526-018', '2016-11-09', 'Féminin', 'Ivoirienne', 'YOPOUGON', 'Non spécifié', '2026-01-23', '7d494096-2e53-4dfb-9dab-779f916e66c5', 'CE', '0000000000', 'Régime: Sans cantine', 'active', NULL);
INSERT OR REPLACE INTO students (id, user_id, student_code, birth_date, gender, nationality, birth_place, address, enrollment_date, class_id, academic_level, emergency_contact, medical_info, status, photo_url) VALUES ('d269fa6d-6fe1-4b7f-adac-bdfb01372f41', NULL, 'KSP-S-CE-2526-017', '2017-09-25', 'Masculin', 'Ivoirienne', 'BINGERVILLE', 'Non spécifié', '2026-01-23', '7d494096-2e53-4dfb-9dab-779f916e66c5', 'CE', '0000000000', 'Régime: Sans cantine', 'active', NULL);
INSERT OR REPLACE INTO students (id, user_id, student_code, birth_date, gender, nationality, birth_place, address, enrollment_date, class_id, academic_level, emergency_contact, medical_info, status, photo_url) VALUES ('0e71abf0-6be8-44bd-bdf3-c750ddb21202', NULL, 'KSP-S-CE-2526-016', '2019-01-10', 'Féminin', 'Ivoirienne', 'BOUAFLE', 'Non spécifié', '2026-01-23', '7d494096-2e53-4dfb-9dab-779f916e66c5', 'CE', '0000000000', 'Régime: Sans cantine', 'active', NULL);
INSERT OR REPLACE INTO students (id, user_id, student_code, birth_date, gender, nationality, birth_place, address, enrollment_date, class_id, academic_level, emergency_contact, medical_info, status, photo_url) VALUES ('ff4f0e09-decb-43ce-8373-b5c7e7d597e7', NULL, 'KSP-S-CE-2526-015', '2018-01-06', 'Féminin', 'Ivoirienne', 'ADJAMÉ', 'Non spécifié', '2026-01-23', '7d494096-2e53-4dfb-9dab-779f916e66c5', 'CE', '0000000000', 'Régime: Sans cantine', 'active', NULL);
INSERT OR REPLACE INTO students (id, user_id, student_code, birth_date, gender, nationality, birth_place, address, enrollment_date, class_id, academic_level, emergency_contact, medical_info, status, photo_url) VALUES ('9f5e3a49-b9ac-4f51-8876-1237a215d8b1', NULL, 'KSP-S-CE-2526-014', '2018-07-12', 'Masculin', 'Ivoirienne', 'YOPOUGON', 'Non spécifié', '2026-01-23', '7d494096-2e53-4dfb-9dab-779f916e66c5', 'CE', '0000000000', 'Régime: Sans cantine', 'active', NULL);
INSERT OR REPLACE INTO students (id, user_id, student_code, birth_date, gender, nationality, birth_place, address, enrollment_date, class_id, academic_level, emergency_contact, medical_info, status, photo_url) VALUES ('3fb13db8-7e50-467a-988f-67c0cbc3fe72', NULL, 'KSP-S-CE-2526-013', '2017-08-09', 'Masculin', 'Ivoirienne', 'YOPOUGON', 'Non spécifié', '2026-01-23', '7d494096-2e53-4dfb-9dab-779f916e66c5', 'CE', '0000000000', 'Régime: Sans cantine', 'active', NULL);
INSERT OR REPLACE INTO students (id, user_id, student_code, birth_date, gender, nationality, birth_place, address, enrollment_date, class_id, academic_level, emergency_contact, medical_info, status, photo_url) VALUES ('5e4bb4c3-27bf-4a9a-b441-89dea47abec5', NULL, 'KSP-S-CE-2526-012', '2018-01-18', 'Féminin', 'Ivoirienne', 'YAMOUSSSSOUKRO', 'Non spécifié', '2026-01-23', '7d494096-2e53-4dfb-9dab-779f916e66c5', 'CE', '0000000000', 'Régime: Sans cantine', 'active', NULL);
INSERT OR REPLACE INTO students (id, user_id, student_code, birth_date, gender, nationality, birth_place, address, enrollment_date, class_id, academic_level, emergency_contact, medical_info, status, photo_url) VALUES ('a6f64730-a89b-4ab6-87f4-6593358111a2', NULL, 'KSP-S-CE-2526-011', '2018-08-30', 'Féminin', 'Ivoirienne', 'BONOUA', 'Non spécifié', '2026-01-23', '7d494096-2e53-4dfb-9dab-779f916e66c5', 'CE', '0000000000', 'Régime: Sans cantine', 'active', NULL);
INSERT OR REPLACE INTO students (id, user_id, student_code, birth_date, gender, nationality, birth_place, address, enrollment_date, class_id, academic_level, emergency_contact, medical_info, status, photo_url) VALUES ('e4bc205b-415f-49fd-9216-f44eb851ed1a', NULL, 'KSP-S-CE-2526-010', '2017-04-25', 'Masculin', 'Ivoirienne', 'SONGON', 'Non spécifié', '2026-01-23', '7d494096-2e53-4dfb-9dab-779f916e66c5', 'CE', '0000000000', 'Régime: Sans cantine', 'active', NULL);
INSERT OR REPLACE INTO students (id, user_id, student_code, birth_date, gender, nationality, birth_place, address, enrollment_date, class_id, academic_level, emergency_contact, medical_info, status, photo_url) VALUES ('d321f1f4-12ed-42cc-9978-909faa3e173f', NULL, 'KSP-S-CE-2526-009', '2017-12-17', 'Masculin', 'Ivoirienne', 'PORT-BOUET', 'Non spécifié', '2026-01-23', '7d494096-2e53-4dfb-9dab-779f916e66c5', 'CE', '0000000000', 'Régime: Sans cantine', 'active', NULL);
INSERT OR REPLACE INTO students (id, user_id, student_code, birth_date, gender, nationality, birth_place, address, enrollment_date, class_id, academic_level, emergency_contact, medical_info, status, photo_url) VALUES ('28d70b80-d14b-43b1-b50a-8dd5fc961440', NULL, 'KSP-S-CE-2526-008', '2017-09-25', 'Féminin', 'Ivoirienne', 'BINGERVILLE', 'Non spécifié', '2026-01-23', '7d494096-2e53-4dfb-9dab-779f916e66c5', 'CE', '0000000000', 'Régime: Sans cantine', 'active', NULL);
INSERT OR REPLACE INTO students (id, user_id, student_code, birth_date, gender, nationality, birth_place, address, enrollment_date, class_id, academic_level, emergency_contact, medical_info, status, photo_url) VALUES ('841f4b07-7e8c-438c-b278-c0d930833aa5', NULL, 'KSP-S-CE-2526-007', '2018-11-24', 'Féminin', 'Ivoirienne', 'KOUASSI-DATEKRO', 'Non spécifié', '2026-01-23', '7d494096-2e53-4dfb-9dab-779f916e66c5', 'CE', '0000000000', 'Régime: Sans cantine', 'active', NULL);
INSERT OR REPLACE INTO students (id, user_id, student_code, birth_date, gender, nationality, birth_place, address, enrollment_date, class_id, academic_level, emergency_contact, medical_info, status, photo_url) VALUES ('beafe8cb-7afa-4054-b80f-57b0dfe3d4df', NULL, 'KSP-S-CE-2526-006', '2017-01-01', 'Masculin', 'Ivoirienne', 'Non spécifié', 'Non spécifié', '2026-01-23', '7d494096-2e53-4dfb-9dab-779f916e66c5', 'CE', '0000000000', 'Régime: cantine', 'active', NULL);
INSERT OR REPLACE INTO students (id, user_id, student_code, birth_date, gender, nationality, birth_place, address, enrollment_date, class_id, academic_level, emergency_contact, medical_info, status, photo_url) VALUES ('60e7fee1-0543-4c53-923d-79468f0370a8', NULL, 'KSP-S-CE-2526-005', '2017-01-01', 'Masculin', 'Ivoirienne', 'Non spécifié', 'Non spécifié', '2026-01-23', '7d494096-2e53-4dfb-9dab-779f916e66c5', 'CE', '0000000000', 'Régime: cantine', 'active', NULL);
INSERT OR REPLACE INTO students (id, user_id, student_code, birth_date, gender, nationality, birth_place, address, enrollment_date, class_id, academic_level, emergency_contact, medical_info, status, photo_url) VALUES ('22395186-211a-4507-99a4-469994374c47', NULL, 'KSP-S-CE-2526-004', '2018-03-21', 'Féminin', 'Ivoirienne', 'BOUNDIALI', 'Non spécifié', '2026-01-23', '7d494096-2e53-4dfb-9dab-779f916e66c5', 'CE', '0000000000', 'Régime: Sans cantine', 'active', NULL);
INSERT OR REPLACE INTO students (id, user_id, student_code, birth_date, gender, nationality, birth_place, address, enrollment_date, class_id, academic_level, emergency_contact, medical_info, status, photo_url) VALUES ('abbc3af6-3971-4e22-bcfc-4eda3d8086aa', NULL, 'KSP-S-CE-2526-003', '2018-07-19', 'Féminin', 'Ivoirienne', 'YOPOUGON', 'Non spécifié', '2026-01-23', '7d494096-2e53-4dfb-9dab-779f916e66c5', 'CE', '0000000000', 'Régime: Cantine', 'active', NULL);
INSERT OR REPLACE INTO students (id, user_id, student_code, birth_date, gender, nationality, birth_place, address, enrollment_date, class_id, academic_level, emergency_contact, medical_info, status, photo_url) VALUES ('d59c555b-c007-4279-ab03-3bdf827eeff9', NULL, 'KSP-S-CE-2526-002', '2017-01-01', 'Féminin', 'Ivoirienne', 'Non spécifié', 'Non spécifié', '2026-01-23', '7d494096-2e53-4dfb-9dab-779f916e66c5', 'CE', '0000000000', 'Régime: cantine', 'active', NULL);
INSERT OR REPLACE INTO students (id, user_id, student_code, birth_date, gender, nationality, birth_place, address, enrollment_date, class_id, academic_level, emergency_contact, medical_info, status, photo_url) VALUES ('41469b72-3296-47a2-94ca-d977fe66ca12', NULL, 'KSP-S-CE-2526-001', '2018-02-10', 'Masculin', 'Ivoirienne', 'YOPOUGON', 'Non spécifié', '2026-01-23', '7d494096-2e53-4dfb-9dab-779f916e66c5', 'CE', '0000000000', 'Régime: Sans Cantine', 'active', NULL);
INSERT OR REPLACE INTO students (id, user_id, student_code, birth_date, gender, nationality, birth_place, address, enrollment_date, class_id, academic_level, emergency_contact, medical_info, status, photo_url) VALUES ('c0c7995c-074d-43e2-9808-c0df45b45a3c', NULL, 'KSP-S-CP-2526-040', '2019-02-11', 'Masculin', 'Ivoirienne', 'YOPOUGON', 'Non spécifié', '2026-01-23', 'bb354ac7-d5d3-495c-9522-14d7b9ba421e', 'CP', '0000000000', 'Régime: Sans Cantine', 'en attente', NULL);
INSERT OR REPLACE INTO students (id, user_id, student_code, birth_date, gender, nationality, birth_place, address, enrollment_date, class_id, academic_level, emergency_contact, medical_info, status, photo_url) VALUES ('df1600a9-58b0-4c35-bf23-f70ef26bca60', NULL, 'KSP-S-CP-2526-039', '2019-01-01', 'Masculin', 'Ivoirienne', 'Non spécifié', 'Non spécifié', '2026-01-23', 'bb354ac7-d5d3-495c-9522-14d7b9ba421e', 'CP', '0000000000', 'Régime: Sans Cantine', 'en attente', NULL);
INSERT OR REPLACE INTO students (id, user_id, student_code, birth_date, gender, nationality, birth_place, address, enrollment_date, class_id, academic_level, emergency_contact, medical_info, status, photo_url) VALUES ('52b15920-eda5-431d-8ae8-6f51da5e52e5', NULL, 'KSP-S-CP-2526-038', '2019-05-01', 'Masculin', 'Ivoirienne', 'BINGERVILLE', 'Non spécifié', '2026-01-23', 'bb354ac7-d5d3-495c-9522-14d7b9ba421e', 'CP', '0000000000', 'Régime: Sans Cantine', 'en attente', NULL);
INSERT OR REPLACE INTO students (id, user_id, student_code, birth_date, gender, nationality, birth_place, address, enrollment_date, class_id, academic_level, emergency_contact, medical_info, status, photo_url) VALUES ('14632776-5857-45aa-98cd-cbfcd7c8f848', NULL, 'KSP-S-CP-2526-037', '2019-01-13', 'Masculin', 'Ivoirienne', 'YOPOUGON', 'Non spécifié', '2026-01-23', 'bb354ac7-d5d3-495c-9522-14d7b9ba421e', 'CP', '0000000000', 'Régime: Sans Cantine', 'en attente', NULL);
INSERT OR REPLACE INTO students (id, user_id, student_code, birth_date, gender, nationality, birth_place, address, enrollment_date, class_id, academic_level, emergency_contact, medical_info, status, photo_url) VALUES ('bd3bdb3e-e7fa-47b4-9cd2-a7f583e67ebb', NULL, 'KSP-S-CP-2526-036', '2019-11-02', 'Masculin', 'Ivoirienne', 'ALLOKOI S/P ANYAMA', 'Non spécifié', '2026-01-23', 'bb354ac7-d5d3-495c-9522-14d7b9ba421e', 'CP', '0000000000', 'Régime: Sans Cantine', 'en attente', NULL);
INSERT OR REPLACE INTO students (id, user_id, student_code, birth_date, gender, nationality, birth_place, address, enrollment_date, class_id, academic_level, emergency_contact, medical_info, status, photo_url) VALUES ('2180809b-edc4-433c-96fb-c8eee53db5a9', NULL, 'KSP-S-CP-2526-035', '2019-06-18', 'Masculin', 'Ivoirienne', 'ABOISSO', 'Non spécifié', '2026-01-23', 'bb354ac7-d5d3-495c-9522-14d7b9ba421e', 'CP', '0000000000', 'Régime: Sans Cantine', 'en attente', NULL);
INSERT OR REPLACE INTO students (id, user_id, student_code, birth_date, gender, nationality, birth_place, address, enrollment_date, class_id, academic_level, emergency_contact, medical_info, status, photo_url) VALUES ('057c9723-f79e-451a-a5bb-2f7b87aa508c', NULL, 'KSP-S-CP-2526-034', '2019-07-31', 'Masculin', 'Ivoirienne', 'PORT-BOUET', 'Non spécifié', '2026-01-23', 'bb354ac7-d5d3-495c-9522-14d7b9ba421e', 'CP', '0000000000', 'Régime: Sans Cantine', 'en attente', NULL);
INSERT OR REPLACE INTO students (id, user_id, student_code, birth_date, gender, nationality, birth_place, address, enrollment_date, class_id, academic_level, emergency_contact, medical_info, status, photo_url) VALUES ('81bef566-0279-478f-8e79-b83efa13204f', NULL, 'KSP-S-CP-2526-033', '2019-01-01', 'Masculin', 'Ivoirienne', 'Non spécifié', 'Non spécifié', '2026-01-23', 'bb354ac7-d5d3-495c-9522-14d7b9ba421e', 'CP', '0000000000', 'Régime: Sans Cantine', 'en attente', NULL);
INSERT OR REPLACE INTO students (id, user_id, student_code, birth_date, gender, nationality, birth_place, address, enrollment_date, class_id, academic_level, emergency_contact, medical_info, status, photo_url) VALUES ('6cbc2ef6-7ceb-4b9f-b6e5-ac8d5c8c024f', NULL, 'KSP-S-CP-2526-032', '2019-04-05', 'Masculin', 'Ivoirienne', 'YOPOUGON', 'Non spécifié', '2026-01-23', 'bb354ac7-d5d3-495c-9522-14d7b9ba421e', 'CP', '0000000000', 'Régime: Social', 'en attente', NULL);
INSERT OR REPLACE INTO students (id, user_id, student_code, birth_date, gender, nationality, birth_place, address, enrollment_date, class_id, academic_level, emergency_contact, medical_info, status, photo_url) VALUES ('7bbd306d-1402-4e25-aa01-731936ad0f37', NULL, 'KSP-S-CP-2526-031', '2019-07-02', 'Masculin', 'Ivoirienne', 'SOUBRE', 'Non spécifié', '2026-01-23', 'bb354ac7-d5d3-495c-9522-14d7b9ba421e', 'CP', '0000000000', 'Régime: Sans Cantine', 'en attente', NULL);
INSERT OR REPLACE INTO students (id, user_id, student_code, birth_date, gender, nationality, birth_place, address, enrollment_date, class_id, academic_level, emergency_contact, medical_info, status, photo_url) VALUES ('7ebaa1b8-d38b-476b-8bb2-e2ceadd9c368', NULL, 'KSP-S-CP-2526-030', '2020-03-03', 'Masculin', 'Ivoirienne', 'LAKOTA', 'Non spécifié', '2026-01-23', 'bb354ac7-d5d3-495c-9522-14d7b9ba421e', 'CP', '0000000000', 'Régime: cantine', 'en attente', NULL);
INSERT OR REPLACE INTO students (id, user_id, student_code, birth_date, gender, nationality, birth_place, address, enrollment_date, class_id, academic_level, emergency_contact, medical_info, status, photo_url) VALUES ('5f29deb8-bada-48ae-92d2-14e5358de369', NULL, 'KSP-S-CP-2526-029', '2019-03-04', 'Masculin', 'Ivoirienne', 'Non spécifié', 'Non spécifié', '2026-01-23', 'bb354ac7-d5d3-495c-9522-14d7b9ba421e', 'CP', '0000000000', 'Régime: Social', 'en attente', NULL);
INSERT OR REPLACE INTO students (id, user_id, student_code, birth_date, gender, nationality, birth_place, address, enrollment_date, class_id, academic_level, emergency_contact, medical_info, status, photo_url) VALUES ('bccee176-93c4-403e-825b-6ec3622f3d04', NULL, 'KSP-S-CP-2526-028', '2019-02-07', 'Masculin', 'Ivoirienne', 'YOPOUGON', 'Non spécifié', '2026-01-23', 'bb354ac7-d5d3-495c-9522-14d7b9ba421e', 'CP', '0000000000', 'Régime: Sans Cantine', 'en attente', NULL);
INSERT OR REPLACE INTO students (id, user_id, student_code, birth_date, gender, nationality, birth_place, address, enrollment_date, class_id, academic_level, emergency_contact, medical_info, status, photo_url) VALUES ('e45e50c4-3c9b-43a3-82b6-6f5ef0ccadcf', NULL, 'KSP-S-CP-2526-027', '2019-05-06', 'Masculin', 'Ivoirienne', 'YOPOUGON', 'Non spécifié', '2026-01-23', 'bb354ac7-d5d3-495c-9522-14d7b9ba421e', 'CP', '0000000000', 'Régime: Sans Cantine', 'en attente', NULL);
INSERT OR REPLACE INTO students (id, user_id, student_code, birth_date, gender, nationality, birth_place, address, enrollment_date, class_id, academic_level, emergency_contact, medical_info, status, photo_url) VALUES ('74b4a180-a99f-490f-a54e-e72d2b75fadb', NULL, 'KSP-S-CP-2526-026', '2019-04-28', 'Masculin', 'Ivoirienne', 'YOPOUGON', 'Non spécifié', '2026-01-23', 'bb354ac7-d5d3-495c-9522-14d7b9ba421e', 'CP', '0000000000', 'Régime: Sans Cantine', 'en attente', NULL);
INSERT OR REPLACE INTO students (id, user_id, student_code, birth_date, gender, nationality, birth_place, address, enrollment_date, class_id, academic_level, emergency_contact, medical_info, status, photo_url) VALUES ('3bedfd65-878e-4c41-b604-3e641b94c68c', NULL, 'KSP-S-CP-2526-025', '2018-07-02', 'Masculin', 'Ivoirienne', 'ANONO', 'Non spécifié', '2026-01-23', '419eb6a0-1dbf-4194-8491-7f811c5b25e9', 'CP', '0000000000', 'Régime: Social', 'en attente', NULL);
INSERT OR REPLACE INTO students (id, user_id, student_code, birth_date, gender, nationality, birth_place, address, enrollment_date, class_id, academic_level, emergency_contact, medical_info, status, photo_url) VALUES ('17eacc31-419e-4383-be73-116ed6faa5b1', NULL, 'KSP-S-CP-2526-024', '2020-10-02', 'Masculin', 'Ivoirienne', 'BOUAKE', 'Non spécifié', '2026-01-23', '419eb6a0-1dbf-4194-8491-7f811c5b25e9', 'CP', '0000000000', 'Régime: Cantine', 'en attente', NULL);
INSERT OR REPLACE INTO students (id, user_id, student_code, birth_date, gender, nationality, birth_place, address, enrollment_date, class_id, academic_level, emergency_contact, medical_info, status, photo_url) VALUES ('7ca63c1f-d52c-4872-8038-0aca1a98f021', NULL, 'KSP-S-CP-2526-023', '2020-10-27', 'Masculin', 'Ivoirienne', 'ALLOKOI S/P ANYAMA', 'Non spécifié', '2026-01-23', '419eb6a0-1dbf-4194-8491-7f811c5b25e9', 'CP', '0000000000', 'Régime: Sans Cantine', 'en attente', NULL);
INSERT OR REPLACE INTO students (id, user_id, student_code, birth_date, gender, nationality, birth_place, address, enrollment_date, class_id, academic_level, emergency_contact, medical_info, status, photo_url) VALUES ('ecfb5d8b-a774-4420-8042-854ec8f76bec', NULL, 'KSP-S-CP-2526-022', '2019-12-04', 'Masculin', 'Ivoirienne', 'BOUAKE', 'Non spécifié', '2026-01-23', '419eb6a0-1dbf-4194-8491-7f811c5b25e9', 'CP', '0000000000', 'Régime: Cantine', 'en attente', NULL);
INSERT OR REPLACE INTO students (id, user_id, student_code, birth_date, gender, nationality, birth_place, address, enrollment_date, class_id, academic_level, emergency_contact, medical_info, status, photo_url) VALUES ('12c54619-884d-49ae-bf8c-3f99495a7b1b', NULL, 'KSP-S-CP-2526-021', '2019-01-08', 'Masculin', 'Ivoirienne', 'YOPOUGON', 'Non spécifié', '2026-01-23', '419eb6a0-1dbf-4194-8491-7f811c5b25e9', 'CP', '0000000000', 'Régime: Sans Cantine', 'en attente', NULL);
INSERT OR REPLACE INTO students (id, user_id, student_code, birth_date, gender, nationality, birth_place, address, enrollment_date, class_id, academic_level, emergency_contact, medical_info, status, photo_url) VALUES ('62ebd229-26fb-48be-b8c9-48087a4a5bca', NULL, 'KSP-S-CP-2526-020', '2020-09-07', 'Masculin', 'Ivoirienne', 'ALLOKOI S/P ANYAMA', 'Non spécifié', '2026-01-23', '419eb6a0-1dbf-4194-8491-7f811c5b25e9', 'CP', '0000000000', 'Régime: Sans Cantine', 'en attente', NULL);
INSERT OR REPLACE INTO students (id, user_id, student_code, birth_date, gender, nationality, birth_place, address, enrollment_date, class_id, academic_level, emergency_contact, medical_info, status, photo_url) VALUES ('77854e8f-c148-475e-a581-89588e5dbd46', NULL, 'KSP-S-CP-2526-019', '2020-08-28', 'Masculin', 'Ivoirienne', 'ATTINGUIE', 'Non spécifié', '2026-01-23', '419eb6a0-1dbf-4194-8491-7f811c5b25e9', 'CP', '0000000000', 'Régime: Cantine', 'en attente', NULL);
INSERT OR REPLACE INTO students (id, user_id, student_code, birth_date, gender, nationality, birth_place, address, enrollment_date, class_id, academic_level, emergency_contact, medical_info, status, photo_url) VALUES ('6978b259-bc78-4599-a94a-26d2e1533f48', NULL, 'KSP-S-CP-2526-018', '2019-02-24', 'Masculin', 'Ivoirienne', 'DJEBONOUA', 'Non spécifié', '2026-01-23', '419eb6a0-1dbf-4194-8491-7f811c5b25e9', 'CP', '0000000000', 'Régime: Sans Cantine', 'en attente', NULL);
INSERT OR REPLACE INTO students (id, user_id, student_code, birth_date, gender, nationality, birth_place, address, enrollment_date, class_id, academic_level, emergency_contact, medical_info, status, photo_url) VALUES ('4218f6f5-98e9-4a3a-8e4c-740f19b9e674', NULL, 'KSP-S-CP-2526-017', '2021-03-15', 'Masculin', 'Ivoirienne', 'COCODY', 'Non spécifié', '2026-01-23', '419eb6a0-1dbf-4194-8491-7f811c5b25e9', 'CP', '0000000000', 'Régime: Sans Cantine', 'en attente', NULL);
INSERT OR REPLACE INTO students (id, user_id, student_code, birth_date, gender, nationality, birth_place, address, enrollment_date, class_id, academic_level, emergency_contact, medical_info, status, photo_url) VALUES ('8c576f21-5eb0-46d8-b493-d178114d9198', NULL, 'KSP-S-CP-2526-016', '2019-01-01', 'Masculin', 'Ivoirienne', 'Non spécifié', 'Non spécifié', '2026-01-23', '419eb6a0-1dbf-4194-8491-7f811c5b25e9', 'CP', '0000000000', 'Régime: Sans Cantine', 'en attente', NULL);
INSERT OR REPLACE INTO students (id, user_id, student_code, birth_date, gender, nationality, birth_place, address, enrollment_date, class_id, academic_level, emergency_contact, medical_info, status, photo_url) VALUES ('ec14d096-ec97-45ba-9b10-f34ea2dbda0a', NULL, 'KSP-S-CP-2526-015', '2019-03-16', 'Masculin', 'Ivoirienne', 'BURKINA FASO', 'Non spécifié', '2026-01-23', '419eb6a0-1dbf-4194-8491-7f811c5b25e9', 'CP', '0000000000', 'Régime: Social', 'en attente', NULL);
INSERT OR REPLACE INTO students (id, user_id, student_code, birth_date, gender, nationality, birth_place, address, enrollment_date, class_id, academic_level, emergency_contact, medical_info, status, photo_url) VALUES ('c527b952-010b-4fb8-875d-4896f7138f41', NULL, 'KSP-S-CP-2526-014', '2016-05-10', 'Masculin', 'Ivoirienne', 'ALLOKOI S/P ANYAMA', 'Non spécifié', '2026-01-23', '419eb6a0-1dbf-4194-8491-7f811c5b25e9', 'CP', '0000000000', 'Régime: Social', 'en attente', NULL);
INSERT OR REPLACE INTO students (id, user_id, student_code, birth_date, gender, nationality, birth_place, address, enrollment_date, class_id, academic_level, emergency_contact, medical_info, status, photo_url) VALUES ('93bf6db7-039f-4b49-b61b-26b619e0fcce', NULL, 'KSP-S-CP-2526-013', '2020-06-15', 'Masculin', 'Ivoirienne', 'ALLOKOI S/P ANYAMA', 'Non spécifié', '2026-01-23', '419eb6a0-1dbf-4194-8491-7f811c5b25e9', 'CP', '0000000000', 'Régime: Sans Cantine', 'en attente', NULL);
INSERT OR REPLACE INTO students (id, user_id, student_code, birth_date, gender, nationality, birth_place, address, enrollment_date, class_id, academic_level, emergency_contact, medical_info, status, photo_url) VALUES ('a2fae4a4-22f4-4ec6-9ccd-eeead97ae8aa', NULL, 'KSP-S-CP-2526-012', '2020-10-04', 'Masculin', 'Ivoirienne', 'SONGON', 'Non spécifié', '2026-01-23', '419eb6a0-1dbf-4194-8491-7f811c5b25e9', 'CP', '0000000000', 'Régime: Sans Cantine', 'en attente', NULL);
INSERT OR REPLACE INTO students (id, user_id, student_code, birth_date, gender, nationality, birth_place, address, enrollment_date, class_id, academic_level, emergency_contact, medical_info, status, photo_url) VALUES ('c94439bb-9a8c-4243-8df3-efcc64e9cff3', NULL, 'KSP-S-CP-2526-011', '2020-05-27', 'Masculin', 'Ivoirienne', 'DALOA', 'Non spécifié', '2026-01-23', '419eb6a0-1dbf-4194-8491-7f811c5b25e9', 'CP', '0000000000', 'Régime: Cantine', 'en attente', NULL);
INSERT OR REPLACE INTO students (id, user_id, student_code, birth_date, gender, nationality, birth_place, address, enrollment_date, class_id, academic_level, emergency_contact, medical_info, status, photo_url) VALUES ('ba7124ca-352b-4140-b3de-289a80d2d90a', NULL, 'KSP-S-CP-2526-010', '2020-02-14', 'Masculin', 'Ivoirienne', 'Non spécifié', 'Non spécifié', '2026-01-23', '419eb6a0-1dbf-4194-8491-7f811c5b25e9', 'CP', '0000000000', 'Régime: Sans Cantine', 'en attente', NULL);
INSERT OR REPLACE INTO students (id, user_id, student_code, birth_date, gender, nationality, birth_place, address, enrollment_date, class_id, academic_level, emergency_contact, medical_info, status, photo_url) VALUES ('53ec8161-09ab-4380-a63c-955d5ffa3fd4', NULL, 'KSP-S-CP-2526-009', '2020-07-23', 'Masculin', 'Ivoirienne', 'ADJAME', 'Non spécifié', '2026-01-23', '419eb6a0-1dbf-4194-8491-7f811c5b25e9', 'CP', '0000000000', 'Régime: Sans Cantine', 'en attente', NULL);
INSERT OR REPLACE INTO students (id, user_id, student_code, birth_date, gender, nationality, birth_place, address, enrollment_date, class_id, academic_level, emergency_contact, medical_info, status, photo_url) VALUES ('07e762fb-7a3b-4aeb-a81b-7631ba1185a0', NULL, 'KSP-S-CP-2526-008', '2020-06-30', 'Masculin', 'Ivoirienne', 'ATTECOUBE', 'Non spécifié', '2026-01-23', '419eb6a0-1dbf-4194-8491-7f811c5b25e9', 'CP', '0000000000', 'Régime: Cantine', 'en attente', NULL);
INSERT OR REPLACE INTO students (id, user_id, student_code, birth_date, gender, nationality, birth_place, address, enrollment_date, class_id, academic_level, emergency_contact, medical_info, status, photo_url) VALUES ('66038e14-fd2e-451e-9b23-ccc75b802766', NULL, 'KSP-S-CP-2526-007', '2019-05-30', 'Masculin', 'Ivoirienne', 'YOPOUGON', 'Non spécifié', '2026-01-23', '419eb6a0-1dbf-4194-8491-7f811c5b25e9', 'CP', '0000000000', 'Régime: Sans Cantine', 'en attente', NULL);
INSERT OR REPLACE INTO students (id, user_id, student_code, birth_date, gender, nationality, birth_place, address, enrollment_date, class_id, academic_level, emergency_contact, medical_info, status, photo_url) VALUES ('4f24d0ba-35c9-4e86-a455-6c26d0fae6c0', NULL, 'KSP-S-CP-2526-006', '2019-01-01', 'Masculin', 'Ivoirienne', 'Non spécifié', 'Non spécifié', '2026-01-23', '419eb6a0-1dbf-4194-8491-7f811c5b25e9', 'CP', '0000000000', 'Régime: Social', 'en attente', NULL);
INSERT OR REPLACE INTO students (id, user_id, student_code, birth_date, gender, nationality, birth_place, address, enrollment_date, class_id, academic_level, emergency_contact, medical_info, status, photo_url) VALUES ('3bb4f3ac-62ae-4503-ac60-545a61bf7b04', NULL, 'KSP-S-CP-2526-005', '2020-07-07', 'Masculin', 'Ivoirienne', 'YOPOUGON', 'Non spécifié', '2026-01-23', '419eb6a0-1dbf-4194-8491-7f811c5b25e9', 'CP', '0000000000', 'Régime: Social', 'en attente', NULL);
INSERT OR REPLACE INTO students (id, user_id, student_code, birth_date, gender, nationality, birth_place, address, enrollment_date, class_id, academic_level, emergency_contact, medical_info, status, photo_url) VALUES ('57772a15-2de6-49b4-868f-8fd48dedf5bf', NULL, 'KSP-S-CP-2526-004', '2020-02-27', 'Masculin', 'Ivoirienne', 'ALLOKOI S/P ANYAMA', 'Non spécifié', '2026-01-23', '419eb6a0-1dbf-4194-8491-7f811c5b25e9', 'CP', '0000000000', 'Régime: Sans Cantine', 'en attente', NULL);
INSERT OR REPLACE INTO students (id, user_id, student_code, birth_date, gender, nationality, birth_place, address, enrollment_date, class_id, academic_level, emergency_contact, medical_info, status, photo_url) VALUES ('9c7583bb-f0b8-44f8-b88a-b2d503490fdb', NULL, 'KSP-S-CP-2526-003', '2020-07-14', 'Masculin', 'Ivoirienne', 'JACQUEVILLE', 'Non spécifié', '2026-01-23', '419eb6a0-1dbf-4194-8491-7f811c5b25e9', 'CP', '0000000000', 'Régime: Sans Cantine', 'en attente', NULL);
INSERT OR REPLACE INTO students (id, user_id, student_code, birth_date, gender, nationality, birth_place, address, enrollment_date, class_id, academic_level, emergency_contact, medical_info, status, photo_url) VALUES ('87c82698-378d-4ee1-a89f-05b9ed5ac48b', NULL, 'KSP-S-CP-2526-002', '2020-07-14', 'Masculin', 'Ivoirienne', 'JACQUEVILLE', 'Non spécifié', '2026-01-23', '419eb6a0-1dbf-4194-8491-7f811c5b25e9', 'CP', '0000000000', 'Régime: Sans Cantine', 'en attente', NULL);

-- ATTENDANCE
INSERT OR REPLACE INTO attendance (id, student_id, class_id, date, status, period, is_justified, reason) VALUES ('0c56103a-45cd-402a-84e0-73e2ef0cf4c6', '41469b72-3296-47a2-94ca-d977fe66ca12', '7d494096-2e53-4dfb-9dab-779f916e66c5', '2026-01-27', 'absent', 'morning', 0, NULL);
INSERT OR REPLACE INTO attendance (id, student_id, class_id, date, status, period, is_justified, reason) VALUES ('04ffcce4-9a0e-4639-b8b4-35701adcf8d5', '634a93de-e1e7-465b-b270-a35c3cb435d5', '7d494096-2e53-4dfb-9dab-779f916e66c5', '2026-01-27', 'present', 'morning', 0, NULL);
INSERT OR REPLACE INTO attendance (id, student_id, class_id, date, status, period, is_justified, reason) VALUES ('d9ca8eb5-625a-4fa4-9d50-135584bedada', 'd269fa6d-6fe1-4b7f-adac-bdfb01372f41', '7d494096-2e53-4dfb-9dab-779f916e66c5', '2026-01-27', 'present', 'morning', 0, NULL);
INSERT OR REPLACE INTO attendance (id, student_id, class_id, date, status, period, is_justified, reason) VALUES ('4f789cdf-30c8-404d-abeb-1b62da49156e', '0e71abf0-6be8-44bd-bdf3-c750ddb21202', '7d494096-2e53-4dfb-9dab-779f916e66c5', '2026-01-27', 'present', 'morning', 0, NULL);
INSERT OR REPLACE INTO attendance (id, student_id, class_id, date, status, period, is_justified, reason) VALUES ('c0635256-77f0-46fa-a4fa-1f6cb090ad34', 'ff4f0e09-decb-43ce-8373-b5c7e7d597e7', '7d494096-2e53-4dfb-9dab-779f916e66c5', '2026-01-27', 'present', 'morning', 0, NULL);
INSERT OR REPLACE INTO attendance (id, student_id, class_id, date, status, period, is_justified, reason) VALUES ('511d1cdc-3f05-4d2d-a20b-25ca6035be6a', '9f5e3a49-b9ac-4f51-8876-1237a215d8b1', '7d494096-2e53-4dfb-9dab-779f916e66c5', '2026-01-27', 'present', 'morning', 0, NULL);
INSERT OR REPLACE INTO attendance (id, student_id, class_id, date, status, period, is_justified, reason) VALUES ('d7963a1c-3863-4739-820b-48660171f908', '3fb13db8-7e50-467a-988f-67c0cbc3fe72', '7d494096-2e53-4dfb-9dab-779f916e66c5', '2026-01-27', 'present', 'morning', 0, NULL);
INSERT OR REPLACE INTO attendance (id, student_id, class_id, date, status, period, is_justified, reason) VALUES ('415fd598-ec93-4b6b-be7f-680adf77c7c0', '5e4bb4c3-27bf-4a9a-b441-89dea47abec5', '7d494096-2e53-4dfb-9dab-779f916e66c5', '2026-01-27', 'present', 'morning', 0, NULL);
INSERT OR REPLACE INTO attendance (id, student_id, class_id, date, status, period, is_justified, reason) VALUES ('0a5d683d-ae83-4e5e-a47e-90e270e141f7', 'a6f64730-a89b-4ab6-87f4-6593358111a2', '7d494096-2e53-4dfb-9dab-779f916e66c5', '2026-01-27', 'present', 'morning', 0, NULL);
INSERT OR REPLACE INTO attendance (id, student_id, class_id, date, status, period, is_justified, reason) VALUES ('54535730-0595-4feb-855c-560cba942df4', 'e4bc205b-415f-49fd-9216-f44eb851ed1a', '7d494096-2e53-4dfb-9dab-779f916e66c5', '2026-01-27', 'present', 'morning', 0, NULL);
INSERT OR REPLACE INTO attendance (id, student_id, class_id, date, status, period, is_justified, reason) VALUES ('83720811-1cd8-4870-9fa6-f9eee77d4ab1', 'd321f1f4-12ed-42cc-9978-909faa3e173f', '7d494096-2e53-4dfb-9dab-779f916e66c5', '2026-01-27', 'present', 'morning', 0, NULL);
INSERT OR REPLACE INTO attendance (id, student_id, class_id, date, status, period, is_justified, reason) VALUES ('4236ea34-4dc4-4e03-93e0-840dabae625f', '28d70b80-d14b-43b1-b50a-8dd5fc961440', '7d494096-2e53-4dfb-9dab-779f916e66c5', '2026-01-27', 'present', 'morning', 0, NULL);
INSERT OR REPLACE INTO attendance (id, student_id, class_id, date, status, period, is_justified, reason) VALUES ('63a8fedc-8aca-4ed6-ab3a-9548bd63a1f7', '841f4b07-7e8c-438c-b278-c0d930833aa5', '7d494096-2e53-4dfb-9dab-779f916e66c5', '2026-01-27', 'present', 'morning', 0, NULL);
INSERT OR REPLACE INTO attendance (id, student_id, class_id, date, status, period, is_justified, reason) VALUES ('abd7586a-5407-4461-8587-bd0b82b6dc9a', 'beafe8cb-7afa-4054-b80f-57b0dfe3d4df', '7d494096-2e53-4dfb-9dab-779f916e66c5', '2026-01-27', 'present', 'morning', 0, NULL);
INSERT OR REPLACE INTO attendance (id, student_id, class_id, date, status, period, is_justified, reason) VALUES ('d9bda5f5-37cd-448f-870c-976ab92abff3', '60e7fee1-0543-4c53-923d-79468f0370a8', '7d494096-2e53-4dfb-9dab-779f916e66c5', '2026-01-27', 'present', 'morning', 0, NULL);
INSERT OR REPLACE INTO attendance (id, student_id, class_id, date, status, period, is_justified, reason) VALUES ('c88240ba-e866-40d5-8f42-c342be05b552', 'd59c555b-c007-4279-ab03-3bdf827eeff9', '7d494096-2e53-4dfb-9dab-779f916e66c5', '2026-01-27', 'absent', 'morning', 0, NULL);
INSERT OR REPLACE INTO attendance (id, student_id, class_id, date, status, period, is_justified, reason) VALUES ('681a40d5-5c40-4be3-8796-3d944a59cfda', '22395186-211a-4507-99a4-469994374c47', '7d494096-2e53-4dfb-9dab-779f916e66c5', '2026-01-27', 'present', 'morning', 0, NULL);
INSERT OR REPLACE INTO attendance (id, student_id, class_id, date, status, period, is_justified, reason) VALUES ('2ca0cc6d-820b-45fa-a38e-3d52e8155715', 'abbc3af6-3971-4e22-bcfc-4eda3d8086aa', '7d494096-2e53-4dfb-9dab-779f916e66c5', '2026-01-27', 'present', 'morning', 0, NULL);
INSERT OR REPLACE INTO attendance (id, student_id, class_id, date, status, period, is_justified, reason) VALUES ('d9c45bef-8344-47f5-b657-9bf561a67def', '634a93de-e1e7-465b-b270-a35c3cb435d5', '7d494096-2e53-4dfb-9dab-779f916e66c5', '2026-01-26', 'present', 'morning', 0, NULL);
INSERT OR REPLACE INTO attendance (id, student_id, class_id, date, status, period, is_justified, reason) VALUES ('52acc9f1-c1f2-495a-8c7d-ded150dc6dfe', 'd269fa6d-6fe1-4b7f-adac-bdfb01372f41', '7d494096-2e53-4dfb-9dab-779f916e66c5', '2026-01-26', 'present', 'morning', 0, NULL);
INSERT OR REPLACE INTO attendance (id, student_id, class_id, date, status, period, is_justified, reason) VALUES ('c86cb149-adc1-4fe9-bcfb-fd879d8b27dd', '0e71abf0-6be8-44bd-bdf3-c750ddb21202', '7d494096-2e53-4dfb-9dab-779f916e66c5', '2026-01-26', 'present', 'morning', 0, NULL);
INSERT OR REPLACE INTO attendance (id, student_id, class_id, date, status, period, is_justified, reason) VALUES ('3af57159-02a6-446a-84ab-09ed124520be', 'ff4f0e09-decb-43ce-8373-b5c7e7d597e7', '7d494096-2e53-4dfb-9dab-779f916e66c5', '2026-01-26', 'present', 'morning', 0, NULL);
INSERT OR REPLACE INTO attendance (id, student_id, class_id, date, status, period, is_justified, reason) VALUES ('897ea1f2-1519-41ef-8b75-e631dc2218df', '9f5e3a49-b9ac-4f51-8876-1237a215d8b1', '7d494096-2e53-4dfb-9dab-779f916e66c5', '2026-01-26', 'present', 'morning', 0, NULL);
INSERT OR REPLACE INTO attendance (id, student_id, class_id, date, status, period, is_justified, reason) VALUES ('0e3fe46b-2132-4010-8682-f649c329bde9', '3fb13db8-7e50-467a-988f-67c0cbc3fe72', '7d494096-2e53-4dfb-9dab-779f916e66c5', '2026-01-26', 'present', 'morning', 0, NULL);
INSERT OR REPLACE INTO attendance (id, student_id, class_id, date, status, period, is_justified, reason) VALUES ('514bb9b8-2357-4b28-bc5b-b5e01cd7cfcd', '5e4bb4c3-27bf-4a9a-b441-89dea47abec5', '7d494096-2e53-4dfb-9dab-779f916e66c5', '2026-01-26', 'present', 'morning', 0, NULL);
INSERT OR REPLACE INTO attendance (id, student_id, class_id, date, status, period, is_justified, reason) VALUES ('372ef6bb-1d53-4bc5-97c4-e7e9c2f3102e', 'a6f64730-a89b-4ab6-87f4-6593358111a2', '7d494096-2e53-4dfb-9dab-779f916e66c5', '2026-01-26', 'present', 'morning', 0, NULL);
INSERT OR REPLACE INTO attendance (id, student_id, class_id, date, status, period, is_justified, reason) VALUES ('ee4cc206-a7bb-4872-9abf-f9084ec0b78e', 'e4bc205b-415f-49fd-9216-f44eb851ed1a', '7d494096-2e53-4dfb-9dab-779f916e66c5', '2026-01-26', 'present', 'morning', 0, NULL);
INSERT OR REPLACE INTO attendance (id, student_id, class_id, date, status, period, is_justified, reason) VALUES ('6fd8a10c-69ff-4d3c-bd51-d3a1854708c1', 'd321f1f4-12ed-42cc-9978-909faa3e173f', '7d494096-2e53-4dfb-9dab-779f916e66c5', '2026-01-26', 'present', 'morning', 0, NULL);
INSERT OR REPLACE INTO attendance (id, student_id, class_id, date, status, period, is_justified, reason) VALUES ('f7c4fbf6-8b48-460a-b529-6f1f334477fb', '28d70b80-d14b-43b1-b50a-8dd5fc961440', '7d494096-2e53-4dfb-9dab-779f916e66c5', '2026-01-26', 'present', 'morning', 0, NULL);
INSERT OR REPLACE INTO attendance (id, student_id, class_id, date, status, period, is_justified, reason) VALUES ('06ec7b04-a4b1-46a0-b31f-eb65fbc9a8d0', '841f4b07-7e8c-438c-b278-c0d930833aa5', '7d494096-2e53-4dfb-9dab-779f916e66c5', '2026-01-26', 'present', 'morning', 0, NULL);
INSERT OR REPLACE INTO attendance (id, student_id, class_id, date, status, period, is_justified, reason) VALUES ('6fa07023-e150-4b2c-802c-8ef68cc02222', 'beafe8cb-7afa-4054-b80f-57b0dfe3d4df', '7d494096-2e53-4dfb-9dab-779f916e66c5', '2026-01-26', 'present', 'morning', 0, NULL);
INSERT OR REPLACE INTO attendance (id, student_id, class_id, date, status, period, is_justified, reason) VALUES ('85bb60da-33a6-48ea-9711-4486708756d1', '60e7fee1-0543-4c53-923d-79468f0370a8', '7d494096-2e53-4dfb-9dab-779f916e66c5', '2026-01-26', 'present', 'morning', 0, NULL);
INSERT OR REPLACE INTO attendance (id, student_id, class_id, date, status, period, is_justified, reason) VALUES ('dd2b9600-34ad-4498-ac3e-f39042eb06a7', '22395186-211a-4507-99a4-469994374c47', '7d494096-2e53-4dfb-9dab-779f916e66c5', '2026-01-26', 'present', 'morning', 0, NULL);
INSERT OR REPLACE INTO attendance (id, student_id, class_id, date, status, period, is_justified, reason) VALUES ('1d3f49c1-f63a-4055-8a07-465eb6478bcd', 'abbc3af6-3971-4e22-bcfc-4eda3d8086aa', '7d494096-2e53-4dfb-9dab-779f916e66c5', '2026-01-26', 'present', 'morning', 0, NULL);
INSERT OR REPLACE INTO attendance (id, student_id, class_id, date, status, period, is_justified, reason) VALUES ('2f1eab11-6b9a-4131-b0bd-4d7dfa1cdb7c', 'd59c555b-c007-4279-ab03-3bdf827eeff9', '7d494096-2e53-4dfb-9dab-779f916e66c5', '2026-01-26', 'present', 'morning', 0, NULL);
INSERT OR REPLACE INTO attendance (id, student_id, class_id, date, status, period, is_justified, reason) VALUES ('5a84051b-90d2-4985-a837-82407269eb32', '41469b72-3296-47a2-94ca-d977fe66ca12', '7d494096-2e53-4dfb-9dab-779f916e66c5', '2026-01-26', 'present', 'morning', 0, NULL);
INSERT OR REPLACE INTO attendance (id, student_id, class_id, date, status, period, is_justified, reason) VALUES ('84bc66b2-2d1a-43b5-993b-d92f6492d23a', 'abbc3af6-3971-4e22-bcfc-4eda3d8086aa', '7d494096-2e53-4dfb-9dab-779f916e66c5', '2026-01-23', 'present', 'morning', 0, NULL);
INSERT OR REPLACE INTO attendance (id, student_id, class_id, date, status, period, is_justified, reason) VALUES ('491b2467-0aaf-4ba7-9f85-2f25073d97c3', '634a93de-e1e7-465b-b270-a35c3cb435d5', '7d494096-2e53-4dfb-9dab-779f916e66c5', '2026-01-23', 'present', 'morning', 0, NULL);
INSERT OR REPLACE INTO attendance (id, student_id, class_id, date, status, period, is_justified, reason) VALUES ('75615b61-fa48-46f7-a2e2-5dfb4538bbe1', 'd269fa6d-6fe1-4b7f-adac-bdfb01372f41', '7d494096-2e53-4dfb-9dab-779f916e66c5', '2026-01-23', 'present', 'morning', 0, NULL);
INSERT OR REPLACE INTO attendance (id, student_id, class_id, date, status, period, is_justified, reason) VALUES ('d1697c44-cb74-49e9-a46e-ce66dcf0299e', '0e71abf0-6be8-44bd-bdf3-c750ddb21202', '7d494096-2e53-4dfb-9dab-779f916e66c5', '2026-01-23', 'present', 'morning', 0, NULL);
INSERT OR REPLACE INTO attendance (id, student_id, class_id, date, status, period, is_justified, reason) VALUES ('e7695f10-24c3-4e07-bff7-0de1697121da', 'ff4f0e09-decb-43ce-8373-b5c7e7d597e7', '7d494096-2e53-4dfb-9dab-779f916e66c5', '2026-01-23', 'present', 'morning', 0, NULL);
INSERT OR REPLACE INTO attendance (id, student_id, class_id, date, status, period, is_justified, reason) VALUES ('5471a5ac-567e-44d3-b9e7-2971326db47a', '9f5e3a49-b9ac-4f51-8876-1237a215d8b1', '7d494096-2e53-4dfb-9dab-779f916e66c5', '2026-01-23', 'present', 'morning', 0, NULL);
INSERT OR REPLACE INTO attendance (id, student_id, class_id, date, status, period, is_justified, reason) VALUES ('33d61eb0-42b6-4fc0-b995-83e3ae75720b', '3fb13db8-7e50-467a-988f-67c0cbc3fe72', '7d494096-2e53-4dfb-9dab-779f916e66c5', '2026-01-23', 'present', 'morning', 0, NULL);
INSERT OR REPLACE INTO attendance (id, student_id, class_id, date, status, period, is_justified, reason) VALUES ('61ecbd56-d3fd-4267-82a9-8103f2d4687a', '5e4bb4c3-27bf-4a9a-b441-89dea47abec5', '7d494096-2e53-4dfb-9dab-779f916e66c5', '2026-01-23', 'present', 'morning', 0, NULL);
INSERT OR REPLACE INTO attendance (id, student_id, class_id, date, status, period, is_justified, reason) VALUES ('fc0f72f7-65d4-4dae-be19-df459ee09185', 'a6f64730-a89b-4ab6-87f4-6593358111a2', '7d494096-2e53-4dfb-9dab-779f916e66c5', '2026-01-23', 'present', 'morning', 0, NULL);
INSERT OR REPLACE INTO attendance (id, student_id, class_id, date, status, period, is_justified, reason) VALUES ('bf210df2-32b7-4e87-ae88-5db7f30cd9b2', 'e4bc205b-415f-49fd-9216-f44eb851ed1a', '7d494096-2e53-4dfb-9dab-779f916e66c5', '2026-01-23', 'present', 'morning', 0, NULL);
INSERT OR REPLACE INTO attendance (id, student_id, class_id, date, status, period, is_justified, reason) VALUES ('6ed68c9a-2ca6-4106-84c9-ec2042d0ed90', 'd321f1f4-12ed-42cc-9978-909faa3e173f', '7d494096-2e53-4dfb-9dab-779f916e66c5', '2026-01-23', 'present', 'morning', 0, NULL);
INSERT OR REPLACE INTO attendance (id, student_id, class_id, date, status, period, is_justified, reason) VALUES ('6309552e-3108-498c-945f-fb7b61b37d99', '28d70b80-d14b-43b1-b50a-8dd5fc961440', '7d494096-2e53-4dfb-9dab-779f916e66c5', '2026-01-23', 'present', 'morning', 0, NULL);
INSERT OR REPLACE INTO attendance (id, student_id, class_id, date, status, period, is_justified, reason) VALUES ('86ac6287-a3ef-4794-a3fa-25c61596b301', '841f4b07-7e8c-438c-b278-c0d930833aa5', '7d494096-2e53-4dfb-9dab-779f916e66c5', '2026-01-23', 'present', 'morning', 0, NULL);
INSERT OR REPLACE INTO attendance (id, student_id, class_id, date, status, period, is_justified, reason) VALUES ('6177c41c-cce4-4ac8-98f2-25d7f9d370ff', 'beafe8cb-7afa-4054-b80f-57b0dfe3d4df', '7d494096-2e53-4dfb-9dab-779f916e66c5', '2026-01-23', 'present', 'morning', 0, NULL);
INSERT OR REPLACE INTO attendance (id, student_id, class_id, date, status, period, is_justified, reason) VALUES ('2b57e46b-eaa7-4a2e-8da4-c3d4f85b16fd', '60e7fee1-0543-4c53-923d-79468f0370a8', '7d494096-2e53-4dfb-9dab-779f916e66c5', '2026-01-23', 'present', 'morning', 0, NULL);
INSERT OR REPLACE INTO attendance (id, student_id, class_id, date, status, period, is_justified, reason) VALUES ('1ca2a61c-87c7-4506-aa37-42d56358c881', '22395186-211a-4507-99a4-469994374c47', '7d494096-2e53-4dfb-9dab-779f916e66c5', '2026-01-23', 'present', 'morning', 0, NULL);
INSERT OR REPLACE INTO attendance (id, student_id, class_id, date, status, period, is_justified, reason) VALUES ('84f3e1f0-632e-4e3f-8a2e-0858e5aab3aa', 'd59c555b-c007-4279-ab03-3bdf827eeff9', '7d494096-2e53-4dfb-9dab-779f916e66c5', '2026-01-23', 'present', 'morning', 0, NULL);
INSERT OR REPLACE INTO attendance (id, student_id, class_id, date, status, period, is_justified, reason) VALUES ('f6d5011e-4974-4218-8c54-fea474d8d29b', '41469b72-3296-47a2-94ca-d977fe66ca12', '7d494096-2e53-4dfb-9dab-779f916e66c5', '2026-01-23', 'present', 'morning', 0, NULL);
INSERT OR REPLACE INTO attendance (id, student_id, class_id, date, status, period, is_justified, reason) VALUES ('1fbafb64-aef8-41e3-bccb-2cf07a87161b', 'e39d6f91-83db-42d4-bdcd-20584a328d83', '799fc85a-1725-40d2-aaf7-f869e369e763', '2026-01-22', 'present', 'morning', 0, NULL);
INSERT OR REPLACE INTO attendance (id, student_id, class_id, date, status, period, is_justified, reason) VALUES ('1d1ae5ed-af6f-4671-b233-5bea3d535559', '93520f7c-0484-4889-ae68-85793f7a7f62', '799fc85a-1725-40d2-aaf7-f869e369e763', '2026-01-22', 'present', 'morning', 0, NULL);
INSERT OR REPLACE INTO attendance (id, student_id, class_id, date, status, period, is_justified, reason) VALUES ('c0f3547f-0034-44b6-b3ce-0974dac65ad5', '23d203a0-7c87-4479-9d91-02e4252ed72f', '799fc85a-1725-40d2-aaf7-f869e369e763', '2026-01-22', 'present', 'morning', 0, NULL);
INSERT OR REPLACE INTO attendance (id, student_id, class_id, date, status, period, is_justified, reason) VALUES ('167754db-a807-4d1a-b7cb-418c7afbcaf2', 'edea3dea-1371-405e-b694-97755979a363', '799fc85a-1725-40d2-aaf7-f869e369e763', '2026-01-22', 'present', 'morning', 0, NULL);
INSERT OR REPLACE INTO attendance (id, student_id, class_id, date, status, period, is_justified, reason) VALUES ('983d62a3-2124-4e1e-b0d3-07ef3bdad338', 'ffbc5fbb-64cc-440b-bbdb-3ff11f825743', '799fc85a-1725-40d2-aaf7-f869e369e763', '2026-01-22', 'present', 'morning', 0, NULL);
INSERT OR REPLACE INTO attendance (id, student_id, class_id, date, status, period, is_justified, reason) VALUES ('7ebc8acb-040c-45c2-a61c-9bb87e68b5c1', '0e88eedb-eb8f-4626-8da4-7af9cf76723f', '799fc85a-1725-40d2-aaf7-f869e369e763', '2026-01-22', 'present', 'morning', 0, NULL);
INSERT OR REPLACE INTO attendance (id, student_id, class_id, date, status, period, is_justified, reason) VALUES ('77872bc7-28b7-4cea-ab71-2b48b8ecc147', 'db2788e2-e46e-4166-bae4-2e91d16ffd23', '799fc85a-1725-40d2-aaf7-f869e369e763', '2026-01-22', 'present', 'morning', 0, NULL);
INSERT OR REPLACE INTO attendance (id, student_id, class_id, date, status, period, is_justified, reason) VALUES ('6f661c6d-ec26-43d3-9a4e-b7939b4b7a13', '198d64a7-eca8-49cf-8507-483720aacf3b', '799fc85a-1725-40d2-aaf7-f869e369e763', '2026-01-22', 'present', 'morning', 0, NULL);
INSERT OR REPLACE INTO attendance (id, student_id, class_id, date, status, period, is_justified, reason) VALUES ('6e234db2-58bd-4d0a-a799-8df91ac3309d', '26819db6-f406-4215-9189-82c3f391b5ba', '799fc85a-1725-40d2-aaf7-f869e369e763', '2026-01-22', 'present', 'morning', 0, NULL);
INSERT OR REPLACE INTO attendance (id, student_id, class_id, date, status, period, is_justified, reason) VALUES ('c19a5361-1877-4288-96f7-f615d3d2c00f', '2bb70962-96a3-4319-9646-4855c66c4033', '799fc85a-1725-40d2-aaf7-f869e369e763', '2026-01-22', 'present', 'morning', 0, NULL);
INSERT OR REPLACE INTO attendance (id, student_id, class_id, date, status, period, is_justified, reason) VALUES ('c2618c9b-761e-4ba6-93a6-aaa2631770d1', '4de82e62-3d2f-465a-a60c-733628f98aa1', '799fc85a-1725-40d2-aaf7-f869e369e763', '2026-01-22', 'present', 'morning', 0, NULL);
INSERT OR REPLACE INTO attendance (id, student_id, class_id, date, status, period, is_justified, reason) VALUES ('7b0253da-0e0c-4671-b284-ec140d9b7919', '5b5c9c61-26cb-42ed-82b3-6a69011712e6', '799fc85a-1725-40d2-aaf7-f869e369e763', '2026-01-22', 'present', 'morning', 0, NULL);
INSERT OR REPLACE INTO attendance (id, student_id, class_id, date, status, period, is_justified, reason) VALUES ('132945f5-89f3-48d5-a95f-5d0744181762', '2626c886-f4bf-422a-af72-1230f7b4fabe', '799fc85a-1725-40d2-aaf7-f869e369e763', '2026-01-22', 'present', 'morning', 0, NULL);
INSERT OR REPLACE INTO attendance (id, student_id, class_id, date, status, period, is_justified, reason) VALUES ('5ff4e76e-eb68-4875-97be-ebf50d07419a', '1fa38e83-0282-43d9-8316-6c3051d0d07c', '799fc85a-1725-40d2-aaf7-f869e369e763', '2026-01-22', 'present', 'morning', 0, NULL);
INSERT OR REPLACE INTO attendance (id, student_id, class_id, date, status, period, is_justified, reason) VALUES ('d0e8ed56-f6b9-4b6f-87b6-4e990aa9dac1', '93520f7c-0484-4889-ae68-85793f7a7f62', '799fc85a-1725-40d2-aaf7-f869e369e763', '2026-01-21', 'present', 'morning', 0, NULL);
INSERT OR REPLACE INTO attendance (id, student_id, class_id, date, status, period, is_justified, reason) VALUES ('2fb48e34-4579-4ff6-8719-b3056fab521d', '23d203a0-7c87-4479-9d91-02e4252ed72f', '799fc85a-1725-40d2-aaf7-f869e369e763', '2026-01-21', 'present', 'morning', 0, NULL);
INSERT OR REPLACE INTO attendance (id, student_id, class_id, date, status, period, is_justified, reason) VALUES ('33c2a4ea-37a8-478f-8caf-00b71085d26b', 'edea3dea-1371-405e-b694-97755979a363', '799fc85a-1725-40d2-aaf7-f869e369e763', '2026-01-21', 'present', 'morning', 0, NULL);
INSERT OR REPLACE INTO attendance (id, student_id, class_id, date, status, period, is_justified, reason) VALUES ('f7da3adc-020f-4efe-a5e1-e98e6863f3cf', 'ffbc5fbb-64cc-440b-bbdb-3ff11f825743', '799fc85a-1725-40d2-aaf7-f869e369e763', '2026-01-21', 'present', 'morning', 0, NULL);
INSERT OR REPLACE INTO attendance (id, student_id, class_id, date, status, period, is_justified, reason) VALUES ('b1e15ad3-dfd2-49bb-8b05-5dbb6c2cc901', '0e88eedb-eb8f-4626-8da4-7af9cf76723f', '799fc85a-1725-40d2-aaf7-f869e369e763', '2026-01-21', 'present', 'morning', 0, NULL);
INSERT OR REPLACE INTO attendance (id, student_id, class_id, date, status, period, is_justified, reason) VALUES ('e3cb5555-6da9-4bf6-8199-cdfd49c8a2fc', 'db2788e2-e46e-4166-bae4-2e91d16ffd23', '799fc85a-1725-40d2-aaf7-f869e369e763', '2026-01-21', 'present', 'morning', 0, NULL);
INSERT OR REPLACE INTO attendance (id, student_id, class_id, date, status, period, is_justified, reason) VALUES ('b9d95848-4dff-442d-bffe-a2d849d923c1', '198d64a7-eca8-49cf-8507-483720aacf3b', '799fc85a-1725-40d2-aaf7-f869e369e763', '2026-01-21', 'present', 'morning', 0, NULL);
INSERT OR REPLACE INTO attendance (id, student_id, class_id, date, status, period, is_justified, reason) VALUES ('603ecba6-b4b6-48fb-a740-b31ddaff03f4', '26819db6-f406-4215-9189-82c3f391b5ba', '799fc85a-1725-40d2-aaf7-f869e369e763', '2026-01-21', 'present', 'morning', 0, NULL);
INSERT OR REPLACE INTO attendance (id, student_id, class_id, date, status, period, is_justified, reason) VALUES ('31bb01e9-cf8e-47d5-b1d0-e62aa172e911', '2bb70962-96a3-4319-9646-4855c66c4033', '799fc85a-1725-40d2-aaf7-f869e369e763', '2026-01-21', 'present', 'morning', 0, NULL);
INSERT OR REPLACE INTO attendance (id, student_id, class_id, date, status, period, is_justified, reason) VALUES ('efa0e2d0-2375-4b94-a4ec-33395082496f', '4de82e62-3d2f-465a-a60c-733628f98aa1', '799fc85a-1725-40d2-aaf7-f869e369e763', '2026-01-21', 'present', 'morning', 0, NULL);
INSERT OR REPLACE INTO attendance (id, student_id, class_id, date, status, period, is_justified, reason) VALUES ('9bb096d0-2dba-4713-a8f0-cef2bb25eaad', '5b5c9c61-26cb-42ed-82b3-6a69011712e6', '799fc85a-1725-40d2-aaf7-f869e369e763', '2026-01-21', 'present', 'morning', 0, NULL);
INSERT OR REPLACE INTO attendance (id, student_id, class_id, date, status, period, is_justified, reason) VALUES ('d350a82f-5674-4c7a-9b35-2cabebe6e498', '2626c886-f4bf-422a-af72-1230f7b4fabe', '799fc85a-1725-40d2-aaf7-f869e369e763', '2026-01-21', 'present', 'morning', 0, NULL);
INSERT OR REPLACE INTO attendance (id, student_id, class_id, date, status, period, is_justified, reason) VALUES ('f45c73bb-230a-4312-ac80-44e952f1461a', '1fa38e83-0282-43d9-8316-6c3051d0d07c', '799fc85a-1725-40d2-aaf7-f869e369e763', '2026-01-21', 'present', 'morning', 0, NULL);
INSERT OR REPLACE INTO attendance (id, student_id, class_id, date, status, period, is_justified, reason) VALUES ('9cec77a7-28e7-4d68-a505-01545aef1122', 'e39d6f91-83db-42d4-bdcd-20584a328d83', '799fc85a-1725-40d2-aaf7-f869e369e763', '2026-01-21', 'present', 'morning', 0, NULL);

-- GRADES

-- TRANSACTIONS

-- DOCUMENTS
INSERT OR REPLACE INTO documents (id, student_id, document_type, file_name, file_url, file_size, mime_type, uploaded_by, registration_number, title, type, entity_type, teacher_id, entity_id, file_path, access_level, description, expiry_date, is_active, download_count) VALUES ('6f8ad091-1eb7-48b8-ad80-4addf8814991', '230a16f6-33e5-427d-86f1-99eda8f11cdf', 'Autorisation parentale', 'CM Yapi Chia.pdf', '/api/v1/storage/uploads/documents/ea9aa5be8d0926721037cb655148fb708.pdf', 0, NULL, NULL, NULL, 'Autorisation parentale', 'Autorisation parentale', NULL, NULL, NULL, 'uploads/documents/ea9aa5be8d0926721037cb655148fb708.pdf', NULL, NULL, NULL, 1, 0);
INSERT OR REPLACE INTO documents (id, student_id, document_type, file_name, file_url, file_size, mime_type, uploaded_by, registration_number, title, type, entity_type, teacher_id, entity_id, file_path, access_level, description, expiry_date, is_active, download_count) VALUES ('0387336a-2e22-4562-86ca-82ce23d88520', '230a16f6-33e5-427d-86f1-99eda8f11cdf', 'Carnet de vaccination', 'CM Yapi Chia.pdf', '/api/v1/storage/uploads/documents/5cf45108d2deb454af72d153da8c132db.pdf', 0, NULL, NULL, NULL, 'Carnet de vaccination', 'Carnet de vaccination', NULL, NULL, NULL, 'uploads/documents/5cf45108d2deb454af72d153da8c132db.pdf', NULL, NULL, NULL, 1, 0);
INSERT OR REPLACE INTO documents (id, student_id, document_type, file_name, file_url, file_size, mime_type, uploaded_by, registration_number, title, type, entity_type, teacher_id, entity_id, file_path, access_level, description, expiry_date, is_active, download_count) VALUES ('b0e0989a-01a8-4aba-979b-11f6b2625de8', '230a16f6-33e5-427d-86f1-99eda8f11cdf', 'Extrait de naissance', 'CM Yapi Chia.pdf', '/api/v1/storage/uploads/documents/933c7677465e952d3c859eea982e63b10.pdf', 0, NULL, NULL, NULL, 'Extrait de naissance', 'Extrait de naissance', NULL, NULL, NULL, 'uploads/documents/933c7677465e952d3c859eea982e63b10.pdf', NULL, NULL, NULL, 1, 0);
INSERT OR REPLACE INTO documents (id, student_id, document_type, file_name, file_url, file_size, mime_type, uploaded_by, registration_number, title, type, entity_type, teacher_id, entity_id, file_path, access_level, description, expiry_date, is_active, download_count) VALUES ('1a70f7d4-dd2f-4084-808a-5c4d422ac35d', '50ce62ed-98fb-408b-85d5-f8e57eadb189', 'Extrait de naissance', 'test_upload.pdf', '/api/v1/storage/uploads/documents/ceeaa4e3c6db5864a20414682cb9bcb1.pdf', 0, NULL, NULL, NULL, 'Test Manual Upload', 'Extrait de naissance', NULL, NULL, NULL, 'uploads/documents/ceeaa4e3c6db5864a20414682cb9bcb1.pdf', NULL, NULL, NULL, 1, 0);
