
\restrict LtLXBKrqATT01QK3oQYZEYQwdAc0asIpXzFKCt1XiscHzYiTtbbqcN4EPjaM2B0




INSERT INTO public.users VALUES ('a0f334f8-c21d-4353-8189-730fceb61145', 1, 'directrice@kds-school.com', '$2b$10$mBxvNwZv/TUbRClgxSu8TOpKi4QNAb9/RKIfve52zTZRWV.F.wlzS', 'directrice', 'Mme', 'Directrice', NULL, NULL, '2025-11-19 02:25:40.44863', '2025-11-19 02:27:20.149541', NULL);
INSERT INTO public.users VALUES ('4f928830-bd40-4baf-ad4c-9c48e3f7ea7f', 1, 'comptable@kds-school.com', '$2b$10$mBxvNwZv/TUbRClgxSu8TOpKi4QNAb9/RKIfve52zTZRWV.F.wlzS', 'comptable', 'Mlle', 'Comptable', NULL, NULL, '2025-11-19 02:25:40.452751', '2025-11-19 03:37:47.784845', NULL);
INSERT INTO public.users VALUES ('4949589a-7c76-4f7d-967a-5625b222eb5a', 1, 'enseignant@kds-school.com', '$2b$10$mBxvNwZv/TUbRClgxSu8TOpKi4QNAb9/RKIfve52zTZRWV.F.wlzS', 'enseignant', 'M.', 'Enseignant', NULL, NULL, '2025-11-19 02:25:40.456345', '2025-11-19 02:36:20.098115', NULL);
INSERT INTO public.users VALUES ('eae6ef16-295f-4cd6-8019-fc5ad4c53624', 1, 'agent@kds-school.com', '$2b$10$mBxvNwZv/TUbRClgxSu8TOpKi4QNAb9/RKIfve52zTZRWV.F.wlzS', 'agent', 'Mlle', 'Administratif', NULL, NULL, '2025-11-19 02:25:40.460266', '2025-11-19 03:59:50.921885', NULL);
INSERT INTO public.users VALUES ('a7d11e6e-80e9-4872-9d94-20a24a6a6eb7', 1, 'admin@kds-school.com', '$2b$10$mBxvNwZv/TUbRClgxSu8TOpKi4QNAb9/RKIfve52zTZRWV.F.wlzS', 'admin', 'Admin', 'KDS', NULL, NULL, '2025-11-19 02:25:40.444505', '2025-11-19 12:42:27.055757', NULL);
INSERT INTO public.users VALUES ('18a09cde-ea72-4a0f-956c-949ca4ac4dc0', 1, 'fondatrice@kds-school.com', '$2b$10$mBxvNwZv/TUbRClgxSu8TOpKi4QNAb9/RKIfve52zTZRWV.F.wlzS', 'fondatrice', 'Madame', 'Fondatrice', NULL, NULL, '2025-11-19 02:25:40.430449', '2025-11-20 16:18:01.861878', '2025-11-20 16:18:01.853');



INSERT INTO public.teachers VALUES ('743cf567-5eec-468f-858a-6ca1ff53b2e2', 'Cohen', 'Sarah', 'Mathématiques', '0612345678', 'sarah.cohen@kds.com', 'Actif', '18a09cde-ea72-4a0f-956c-949ca4ac4dc0', '2025-11-19 02:25:40.464678', '2025-11-19 02:25:40.464678');
INSERT INTO public.teachers VALUES ('c5809d31-2e41-4150-b158-a2e9dc9f72ba', 'Levy', 'David', 'Français', '0612345679', 'david.levy@kds.com', 'Actif', '18a09cde-ea72-4a0f-956c-949ca4ac4dc0', '2025-11-19 02:25:40.470582', '2025-11-19 02:25:40.470582');
INSERT INTO public.teachers VALUES ('dcd5da0e-50e4-44a4-a44f-819e6594d617', 'Abitbol', 'Rachel', 'Sciences', '0612345680', 'rachel.abitbol@kds.com', 'Actif', '18a09cde-ea72-4a0f-956c-949ca4ac4dc0', '2025-11-19 02:25:40.474471', '2025-11-19 02:25:40.474471');
INSERT INTO public.teachers VALUES ('899e01d3-4b10-4974-9847-fa64ca196ee5', 'Benayoun', 'Michael', 'Histoire', '0612345681', 'michael.benayoun@kds.com', 'Actif', '18a09cde-ea72-4a0f-956c-949ca4ac4dc0', '2025-11-19 02:25:40.478731', '2025-11-19 02:25:40.478731');
INSERT INTO public.teachers VALUES ('96e31a0a-ea8b-4a5d-83b9-469883a6a69d', 'Azoulay', 'Esther', 'Anglais', '0612345682', 'esther.azoulay@kds.com', 'Actif', '18a09cde-ea72-4a0f-956c-949ca4ac4dc0', '2025-11-19 02:25:40.483013', '2025-11-19 02:25:40.483013');
INSERT INTO public.teachers VALUES ('e84628c2-184a-4f18-8ab9-39759e56bb2b', 'Attias', 'Yossef', 'Hébreu', '0612345683', 'yossef.attias@kds.com', 'Actif', '18a09cde-ea72-4a0f-956c-949ca4ac4dc0', '2025-11-19 02:25:40.486665', '2025-11-19 02:25:40.486665');
INSERT INTO public.teachers VALUES ('82676aa3-52fb-4f66-a67f-7f98dec191db', 'Toledano', 'Miriam', 'Torah', '0612345684', 'miriam.toledano@kds.com', 'Actif', '18a09cde-ea72-4a0f-956c-949ca4ac4dc0', '2025-11-19 02:25:40.490411', '2025-11-19 02:25:40.490411');
INSERT INTO public.teachers VALUES ('8818acf2-bc34-4c8c-aa55-686a4c58bca9', 'Elfassi', 'Benjamin', 'Sport', '0612345685', 'benjamin.elfassi@kds.com', 'Actif', '18a09cde-ea72-4a0f-956c-949ca4ac4dc0', '2025-11-19 02:25:40.493852', '2025-11-19 02:25:40.493852');



INSERT INTO public.classes VALUES ('e13a06c1-c9c1-4c48-9d5c-ea0b81bd3db1', 'CP-A', 'CP', '2024-2025', NULL, NULL, 25, 1, '2025-11-19 02:25:40.49773', '2025-11-19 02:25:40.49773');
INSERT INTO public.classes VALUES ('1ac019cd-724e-48b8-9669-c7a5ce581132', 'CE1-A', 'CE1', '2024-2025', NULL, NULL, 28, 1, '2025-11-19 02:25:40.501988', '2025-11-19 02:25:40.501988');
INSERT INTO public.classes VALUES ('6ad74053-8da7-4522-876a-a0af6df79450', 'CE2-A', 'CE2', '2024-2025', NULL, NULL, 30, 1, '2025-11-19 02:25:40.505361', '2025-11-19 02:25:40.505361');
INSERT INTO public.classes VALUES ('9b24bde3-d785-4a1a-b464-b1e808b09725', 'CM1-A', 'CM1', '2024-2025', NULL, NULL, 30, 1, '2025-11-19 02:25:40.508948', '2025-11-19 02:25:40.508948');
INSERT INTO public.classes VALUES ('60847cc8-814b-4d7c-8f2e-cf5ee3516854', 'CM2-A', 'CM2', '2024-2025', NULL, NULL, 32, 1, '2025-11-19 02:25:40.512502', '2025-11-19 02:25:40.512502');
INSERT INTO public.classes VALUES ('826b91cb-f168-4e71-a539-e4fd6dfb6520', '6ème-A', '6ème', '2024-2025', NULL, NULL, 30, 1, '2025-11-19 02:25:40.516025', '2025-11-19 02:25:40.516025');
INSERT INTO public.classes VALUES ('0b6cf1c7-1cd7-4d98-ab28-5b168f32b21b', 'CM2 Test', 'CM2', '2024-2025', NULL, 'Salle 101', 30, 1, '2025-11-19 11:10:25.083044', '2025-11-19 11:10:25.083044');
INSERT INTO public.classes VALUES ('7ae4f762-5396-44ff-a300-b1da43f8e844', 'CP1-A', 'CP1', '2024-2025', 'dcd5da0e-50e4-44a4-a44f-819e6594d617', 'Salle 1', 30, 1, '2025-11-20 02:52:36.795497', '2025-11-20 02:52:36.795497');
INSERT INTO public.classes VALUES ('da254422-0956-4937-b746-7e2f8a2b6d9e', 'CP1-B', 'CP1', '2024-2025', 'e84628c2-184a-4f18-8ab9-39759e56bb2b', 'Salle 2', 30, 1, '2025-11-20 02:52:36.807558', '2025-11-20 02:52:36.807558');
INSERT INTO public.classes VALUES ('f6e401c0-c5da-4fa4-ae4a-75327acb0f09', 'CP2-A', 'CP2', '2024-2025', '96e31a0a-ea8b-4a5d-83b9-469883a6a69d', 'Salle 3', 30, 1, '2025-11-20 02:52:36.812657', '2025-11-20 02:52:36.812657');
INSERT INTO public.classes VALUES ('f7643c2a-911f-4f66-9d3a-fe7beba20fd8', 'CE1-A', 'CE1', '2024-2025', '899e01d3-4b10-4974-9847-fa64ca196ee5', 'Salle 4', 28, 1, '2025-11-20 02:52:36.817901', '2025-11-20 02:52:36.817901');
INSERT INTO public.classes VALUES ('3ce10a38-ffe6-4e90-88a0-e421d0a3d7b8', 'CE2-A', 'CE2', '2024-2025', '743cf567-5eec-468f-858a-6ca1ff53b2e2', 'Salle 5', 28, 1, '2025-11-20 02:52:36.824846', '2025-11-20 02:52:36.824846');
INSERT INTO public.classes VALUES ('8cb82d1f-34a3-4cb5-8f2f-9461b1ee65ff', 'CM1-A', 'CM1', '2024-2025', '8818acf2-bc34-4c8c-aa55-686a4c58bca9', 'Salle 6', 28, 1, '2025-11-20 02:52:36.833025', '2025-11-20 02:52:36.833025');
INSERT INTO public.classes VALUES ('b879624a-a37d-4b76-8f81-83d48df5b8c4', 'CM2-A', 'CM2', '2024-2025', 'c5809d31-2e41-4150-b158-a2e9dc9f72ba', 'Salle 7', 28, 1, '2025-11-20 02:52:36.839736', '2025-11-20 02:52:36.839736');
INSERT INTO public.classes VALUES ('70daf95e-c13b-4882-aca6-bd92276cc959', 'CM2-B', 'CM2', '2024-2025', '82676aa3-52fb-4f66-a67f-7f98dec191db', 'Salle 8', 28, 1, '2025-11-20 02:52:36.84634', '2025-11-20 02:52:36.84634');



INSERT INTO public.students VALUES ('c94dea75-eb78-4231-ad37-95e210ebe648', 'REG2024004', '2024-09-01', 'Kalfon', 'Noam', '2018-06-01', 'Masculin', 'Française', 'Paris, France', '7 Rue de Paris, 75001 Paris', '0630550076', NULL, 'CP', NULL, 'Parent de Noam', '0672604238', NULL, 'Actif', '[]', '18a09cde-ea72-4a0f-956c-949ca4ac4dc0', 'e13a06c1-c9c1-4c48-9d5c-ea0b81bd3db1', '2025-11-19 02:25:40.561494', '2025-11-19 02:25:40.561494');
INSERT INTO public.students VALUES ('bd92b032-9bec-458d-af89-071f43cf9fbe', 'REG2024006', '2024-09-01', 'Benayoun', 'Lea', '2014-09-21', 'Masculin', 'Française', 'Paris, France', '22 Rue de Paris, 75001 Paris', '0614699973', NULL, 'CP', NULL, 'Parent de Lea', '0696335309', NULL, 'Actif', '[]', '18a09cde-ea72-4a0f-956c-949ca4ac4dc0', 'e13a06c1-c9c1-4c48-9d5c-ea0b81bd3db1', '2025-11-19 02:25:40.573924', '2025-11-19 02:25:40.573924');
INSERT INTO public.students VALUES ('f5f8a593-b904-4a79-9413-d1878be019a8', 'REG2024017', '2024-09-01', 'Toledano', 'Noam', '2010-08-25', 'Féminin', 'Française', 'Paris, France', '15 Rue de Paris, 75001 Paris', '0697775420', NULL, 'CP', NULL, 'Parent de Noam', '0645147461', 'Allergie aux arachides', 'Actif', '[]', '18a09cde-ea72-4a0f-956c-949ca4ac4dc0', 'e13a06c1-c9c1-4c48-9d5c-ea0b81bd3db1', '2025-11-19 02:25:40.617657', '2025-11-19 02:25:40.617657');
INSERT INTO public.students VALUES ('e599d8c8-5d3a-448a-a453-05cd92eb67d9', 'REG2024019', '2024-09-01', 'Azoulay', 'Yitzhak', '2012-04-24', 'Féminin', 'Française', 'Paris, France', '130 Rue de Paris, 75001 Paris', '0696954099', NULL, 'CP', NULL, 'Parent de Yitzhak', '0690514012', 'Allergie aux arachides', 'Actif', '[]', '18a09cde-ea72-4a0f-956c-949ca4ac4dc0', 'e13a06c1-c9c1-4c48-9d5c-ea0b81bd3db1', '2025-11-19 02:25:40.625419', '2025-11-19 02:25:40.625419');
INSERT INTO public.students VALUES ('f05a4ff1-aede-4898-bf59-9ccca70348b5', 'REG2024030', '2024-09-01', 'Benayoun', 'Samuel', '2016-04-28', 'Masculin', 'Française', 'Paris, France', '21 Rue de Paris, 75001 Paris', '064704078', NULL, 'CE1', NULL, 'Parent de Samuel', '0626106814', NULL, 'Actif', '[]', '18a09cde-ea72-4a0f-956c-949ca4ac4dc0', '1ac019cd-724e-48b8-9669-c7a5ce581132', '2025-11-19 02:25:40.668863', '2025-11-19 02:25:40.668863');
INSERT INTO public.students VALUES ('e106d898-5b48-430d-8629-75955a66f4d4', 'REG2024031', '2024-09-01', 'Kalfon', 'Avraham', '2013-12-16', 'Masculin', 'Française', 'Paris, France', '177 Rue de Paris, 75001 Paris', '0651682543', NULL, 'CE1', NULL, 'Parent de Avraham', '0649737323', NULL, 'Actif', '[]', '18a09cde-ea72-4a0f-956c-949ca4ac4dc0', '1ac019cd-724e-48b8-9669-c7a5ce581132', '2025-11-19 02:25:40.672881', '2025-11-19 02:25:40.672881');
INSERT INTO public.students VALUES ('2e5ad8e5-f1bd-4d27-9777-c6fa96fb6736', 'REG2024008', '2024-09-01', 'Abitbol', 'Yitzhak', '2019-01-27', 'Féminin', 'Française', 'Paris, France', '110 Rue de Paris, 75001 Paris', '0678690595', NULL, 'CP', NULL, 'Parent de Yitzhak', '065646244', NULL, 'Actif', '[]', '18a09cde-ea72-4a0f-956c-949ca4ac4dc0', 'e13a06c1-c9c1-4c48-9d5c-ea0b81bd3db1', '2025-11-19 02:25:40.581852', '2025-11-20 00:31:09.020547');
INSERT INTO public.students VALUES ('acfdfcc8-a816-4cbc-a585-c326e9f4a214', 'REG2024009', '2024-09-01', 'Benayoun', 'Shlomo', '2019-04-25', 'Féminin', 'Française', 'Paris, France', '59 Rue de Paris, 75001 Paris', '0658436089', NULL, 'CP', NULL, 'Parent de Shlomo', '0611525079', NULL, 'Actif', '[]', '18a09cde-ea72-4a0f-956c-949ca4ac4dc0', 'e13a06c1-c9c1-4c48-9d5c-ea0b81bd3db1', '2025-11-19 02:25:40.585834', '2025-11-20 00:31:09.031906');
INSERT INTO public.students VALUES ('0dbdf2ad-c235-4442-bbe9-f85cf6eb1191', 'REG2024010', '2024-09-01', 'Levy', 'Rachel', '2019-10-15', 'Féminin', 'Française', 'Paris, France', '59 Rue de Paris, 75001 Paris', '0687489731', NULL, 'CP', NULL, 'Parent de Rachel', '0655692268', NULL, 'Actif', '[]', '18a09cde-ea72-4a0f-956c-949ca4ac4dc0', 'e13a06c1-c9c1-4c48-9d5c-ea0b81bd3db1', '2025-11-19 02:25:40.589477', '2025-11-20 00:31:09.043524');
INSERT INTO public.students VALUES ('3aeb6061-75be-4582-8e42-2b55562e0a11', 'REG2024011', '2024-09-01', 'Cohen', 'Sarah', '2019-02-03', 'Féminin', 'Française', 'Paris, France', '163 Rue de Paris, 75001 Paris', '0686634653', NULL, 'CP', NULL, 'Parent de Sarah', '0673890312', NULL, 'Actif', '[]', '18a09cde-ea72-4a0f-956c-949ca4ac4dc0', 'e13a06c1-c9c1-4c48-9d5c-ea0b81bd3db1', '2025-11-19 02:25:40.593677', '2025-11-20 00:31:09.054454');
INSERT INTO public.students VALUES ('064c069e-d50b-4d80-bd7d-d4fb2e87f440', 'REG2024012', '2024-09-01', 'Attias', 'Yitzhak', '2019-09-19', 'Masculin', 'Française', 'Paris, France', '197 Rue de Paris, 75001 Paris', '067441960', NULL, 'CP', NULL, 'Parent de Yitzhak', '0692064237', NULL, 'Actif', '[]', '18a09cde-ea72-4a0f-956c-949ca4ac4dc0', 'e13a06c1-c9c1-4c48-9d5c-ea0b81bd3db1', '2025-11-19 02:25:40.597488', '2025-11-20 00:31:09.065817');
INSERT INTO public.students VALUES ('69a92fbe-072b-4675-ad6f-0cea4791ba43', 'REG2024013', '2024-09-01', 'Benayoun', 'Rivka', '2019-12-12', 'Masculin', 'Française', 'Paris, France', '12 Rue de Paris, 75001 Paris', '0672484333', NULL, 'CP', NULL, 'Parent de Rivka', '066418570', NULL, 'Actif', '[]', '18a09cde-ea72-4a0f-956c-949ca4ac4dc0', 'e13a06c1-c9c1-4c48-9d5c-ea0b81bd3db1', '2025-11-19 02:25:40.601772', '2025-11-20 00:31:09.580422');
INSERT INTO public.students VALUES ('14bc9b67-da95-4a0f-9b72-3aef31933dbb', 'REG2024014', '2024-09-01', 'Toledano', 'Daniel', '2019-05-25', 'Féminin', 'Française', 'Paris, France', '20 Rue de Paris, 75001 Paris', '0610451861', NULL, 'CP', NULL, 'Parent de Daniel', '0643438237', 'Allergie aux arachides', 'Actif', '[]', '18a09cde-ea72-4a0f-956c-949ca4ac4dc0', 'e13a06c1-c9c1-4c48-9d5c-ea0b81bd3db1', '2025-11-19 02:25:40.605681', '2025-11-20 00:31:09.593143');
INSERT INTO public.students VALUES ('02368e62-387c-4d55-b86d-38ec90b8e1f9', 'REG2024015', '2024-09-01', 'Benayoun', 'Shlomo', '2019-09-14', 'Masculin', 'Française', 'Paris, France', '43 Rue de Paris, 75001 Paris', '0663342843', NULL, 'CP', NULL, 'Parent de Shlomo', '0624969955', NULL, 'Actif', '[]', '18a09cde-ea72-4a0f-956c-949ca4ac4dc0', 'e13a06c1-c9c1-4c48-9d5c-ea0b81bd3db1', '2025-11-19 02:25:40.609725', '2025-11-20 00:31:09.604374');
INSERT INTO public.students VALUES ('a6cab94f-e919-4d13-ab3e-58bf2bf15782', 'REG2024016', '2024-09-01', 'Attias', 'Shlomo', '2019-05-18', 'Masculin', 'Française', 'Paris, France', '97 Rue de Paris, 75001 Paris', '0682997803', NULL, 'CP', NULL, 'Parent de Shlomo', '0663661385', NULL, 'Actif', '[]', '18a09cde-ea72-4a0f-956c-949ca4ac4dc0', 'e13a06c1-c9c1-4c48-9d5c-ea0b81bd3db1', '2025-11-19 02:25:40.613519', '2025-11-20 00:31:09.616365');
INSERT INTO public.students VALUES ('900ae7bc-ffab-4072-8e3d-0682cc5ea363', 'REG2024018', '2024-09-01', 'Kalfon', 'Yitzhak', '2019-02-07', 'Masculin', 'Française', 'Paris, France', '164 Rue de Paris, 75001 Paris', '0675011630', NULL, 'CP', NULL, 'Parent de Yitzhak', '0647177272', NULL, 'Actif', '[]', '18a09cde-ea72-4a0f-956c-949ca4ac4dc0', 'e13a06c1-c9c1-4c48-9d5c-ea0b81bd3db1', '2025-11-19 02:25:40.621554', '2025-11-20 00:31:09.627729');
INSERT INTO public.students VALUES ('7d64c737-8a12-4d4c-a2ec-2c8e4f367670', 'REG2024020', '2024-09-01', 'Kalfon', 'Samuel', '2019-07-25', 'Féminin', 'Française', 'Paris, France', '109 Rue de Paris, 75001 Paris', '0625731247', NULL, 'CP', NULL, 'Parent de Samuel', '0642458398', NULL, 'Actif', '[]', '18a09cde-ea72-4a0f-956c-949ca4ac4dc0', 'e13a06c1-c9c1-4c48-9d5c-ea0b81bd3db1', '2025-11-19 02:25:40.629282', '2025-11-20 00:31:09.63925');
INSERT INTO public.students VALUES ('9eb32051-fd9e-4ca8-a560-87866744ce49', 'REG2024021', '2024-09-01', 'Cohen', 'Daniel', '2019-12-21', 'Masculin', 'Française', 'Paris, France', '21 Rue de Paris, 75001 Paris', '0686989417', NULL, 'CP', NULL, 'Parent de Daniel', '0640388901', NULL, 'Actif', '[]', '18a09cde-ea72-4a0f-956c-949ca4ac4dc0', 'e13a06c1-c9c1-4c48-9d5c-ea0b81bd3db1', '2025-11-19 02:25:40.633206', '2025-11-20 00:31:09.650194');
INSERT INTO public.students VALUES ('0340ce06-9e6c-46ad-9862-48775f8cce00', 'REG2024022', '2024-09-01', 'Azoulay', 'Sarah', '2018-06-28', 'Masculin', 'Française', 'Paris, France', '47 Rue de Paris, 75001 Paris', '0681984374', NULL, 'CE1', NULL, 'Parent de Sarah', '0689391410', NULL, 'Actif', '[]', '18a09cde-ea72-4a0f-956c-949ca4ac4dc0', '1ac019cd-724e-48b8-9669-c7a5ce581132', '2025-11-19 02:25:40.636949', '2025-11-20 00:31:09.660611');
INSERT INTO public.students VALUES ('106655c7-b0a5-4aa9-8ed1-30b49bab7e38', 'REG2024023', '2024-09-01', 'Toledano', 'Yitzhak', '2018-02-11', 'Féminin', 'Française', 'Paris, France', '110 Rue de Paris, 75001 Paris', '0664750532', NULL, 'CE1', NULL, 'Parent de Yitzhak', '0643145481', NULL, 'Actif', '[]', '18a09cde-ea72-4a0f-956c-949ca4ac4dc0', '1ac019cd-724e-48b8-9669-c7a5ce581132', '2025-11-19 02:25:40.640625', '2025-11-20 00:31:09.670601');
INSERT INTO public.students VALUES ('97f141c4-81b1-4e8d-b586-77a991bd59b5', 'REG2024024', '2024-09-01', 'Sibony', 'Elie', '2018-10-21', 'Masculin', 'Française', 'Paris, France', '33 Rue de Paris, 75001 Paris', '0617733774', NULL, 'CE1', NULL, 'Parent de Elie', '0682555041', NULL, 'Actif', '[]', '18a09cde-ea72-4a0f-956c-949ca4ac4dc0', '1ac019cd-724e-48b8-9669-c7a5ce581132', '2025-11-19 02:25:40.645432', '2025-11-20 00:31:09.68227');
INSERT INTO public.students VALUES ('4b51790c-26fe-46e9-97fc-d4d921205c04', 'REG2024025', '2024-09-01', 'Azoulay', 'Shlomo', '2018-06-07', 'Féminin', 'Française', 'Paris, France', '71 Rue de Paris, 75001 Paris', '0617625495', NULL, 'CE1', NULL, 'Parent de Shlomo', '0636924745', NULL, 'Actif', '[]', '18a09cde-ea72-4a0f-956c-949ca4ac4dc0', '1ac019cd-724e-48b8-9669-c7a5ce581132', '2025-11-19 02:25:40.649532', '2025-11-20 00:31:10.197481');
INSERT INTO public.students VALUES ('4e496c8d-57c4-40c1-a5b6-2c51ff192e6f', 'REG2024026', '2024-09-01', 'Toledano', 'Chana', '2018-01-20', 'Masculin', 'Française', 'Paris, France', '141 Rue de Paris, 75001 Paris', '0697144240', NULL, 'CE1', NULL, 'Parent de Chana', '061340845', NULL, 'Actif', '[]', '18a09cde-ea72-4a0f-956c-949ca4ac4dc0', '1ac019cd-724e-48b8-9669-c7a5ce581132', '2025-11-19 02:25:40.65346', '2025-11-20 00:31:10.209555');
INSERT INTO public.students VALUES ('78e3b3ae-bd4f-41f7-988d-3ed5fb8ea2f0', 'REG2024027', '2024-09-01', 'Toledano', 'Yaakov', '2018-11-07', 'Masculin', 'Française', 'Paris, France', '186 Rue de Paris, 75001 Paris', '063087911', NULL, 'CE1', NULL, 'Parent de Yaakov', '0686732437', NULL, 'Actif', '[]', '18a09cde-ea72-4a0f-956c-949ca4ac4dc0', '1ac019cd-724e-48b8-9669-c7a5ce581132', '2025-11-19 02:25:40.657247', '2025-11-20 00:31:10.220962');
INSERT INTO public.students VALUES ('b0864371-6376-46e6-a084-1ecc5d6763d3', 'REG2024029', '2024-09-01', 'Abitbol', 'Lea', '2018-04-08', 'Masculin', 'Française', 'Paris, France', '3 Rue de Paris, 75001 Paris', '065037557', NULL, 'CE1', NULL, 'Parent de Lea', '0679664525', NULL, 'Actif', '[]', '18a09cde-ea72-4a0f-956c-949ca4ac4dc0', '1ac019cd-724e-48b8-9669-c7a5ce581132', '2025-11-19 02:25:40.66501', '2025-11-20 00:31:10.244726');
INSERT INTO public.students VALUES ('1c27b568-2e50-48f3-b396-6930e1dad79b', 'REG2024032', '2024-09-01', 'Sibony', 'Rachel', '2018-06-25', 'Féminin', 'Française', 'Paris, France', '9 Rue de Paris, 75001 Paris', '0623751262', NULL, 'CE1', NULL, 'Parent de Rachel', '0670761722', NULL, 'Actif', '[]', '18a09cde-ea72-4a0f-956c-949ca4ac4dc0', '1ac019cd-724e-48b8-9669-c7a5ce581132', '2025-11-19 02:25:40.67708', '2025-11-20 00:31:10.256194');
INSERT INTO public.students VALUES ('9d92bd81-eb6d-4269-b15d-810636572279', 'REG2024001', '2024-09-01', 'Attias', 'Rachel', '2019-12-11', 'Féminin', 'Française', 'Paris, France', '86 Rue de Paris, 75001 Paris', '0644501277', NULL, 'CP', NULL, 'Parent de Rachel', '0636360123', NULL, 'Actif', '[]', '18a09cde-ea72-4a0f-956c-949ca4ac4dc0', 'e13a06c1-c9c1-4c48-9d5c-ea0b81bd3db1', '2025-11-19 02:25:40.547329', '2025-11-20 00:31:13.963622');
INSERT INTO public.students VALUES ('7b6a8cf0-0070-42ed-bb67-4b57ffff8bc0', 'REG2024002', '2024-09-01', 'Cohen', 'Shlomo', '2019-03-02', 'Féminin', 'Française', 'Paris, France', '88 Rue de Paris, 75001 Paris', '0620085661', NULL, 'CP', NULL, 'Parent de Shlomo', '0663759301', NULL, 'Actif', '[]', '18a09cde-ea72-4a0f-956c-949ca4ac4dc0', 'e13a06c1-c9c1-4c48-9d5c-ea0b81bd3db1', '2025-11-19 02:25:40.553121', '2025-11-20 00:31:14.576041');
INSERT INTO public.students VALUES ('2463c04d-1f73-4611-b984-554719176500', 'REG2024003', '2024-09-01', 'Cohen', 'Nathan', '2019-12-15', 'Masculin', 'Française', 'Paris, France', '184 Rue de Paris, 75001 Paris', '0635465350', NULL, 'CP', NULL, 'Parent de Nathan', '0685766749', NULL, 'Actif', '[]', '18a09cde-ea72-4a0f-956c-949ca4ac4dc0', 'e13a06c1-c9c1-4c48-9d5c-ea0b81bd3db1', '2025-11-19 02:25:40.557403', '2025-11-20 00:31:14.585509');
INSERT INTO public.students VALUES ('9dde0d81-0ec5-4eac-904a-4ea0e7536dbd', 'REG2024005', '2024-09-01', 'Levy', 'Lea', '2019-06-25', 'Féminin', 'Française', 'Paris, France', '36 Rue de Paris, 75001 Paris', '0652670988', NULL, 'CP', NULL, 'Parent de Lea', '0647917602', NULL, 'Actif', '[]', '18a09cde-ea72-4a0f-956c-949ca4ac4dc0', 'e13a06c1-c9c1-4c48-9d5c-ea0b81bd3db1', '2025-11-19 02:25:40.565561', '2025-11-20 00:31:14.595112');
INSERT INTO public.students VALUES ('ffb9ade7-235b-4190-bf91-d755c7dbcbe0', 'REG2024033', '2024-09-01', 'Cohen', 'Yitzhak', '2012-10-02', 'Masculin', 'Française', 'Paris, France', '182 Rue de Paris, 75001 Paris', '0660049311', NULL, 'CE1', NULL, 'Parent de Yitzhak', '0652076196', NULL, 'Actif', '[]', '18a09cde-ea72-4a0f-956c-949ca4ac4dc0', '1ac019cd-724e-48b8-9669-c7a5ce581132', '2025-11-19 02:25:40.68085', '2025-11-19 02:25:40.68085');
INSERT INTO public.students VALUES ('fe79c0b5-9443-43b5-8ce1-43fb2dc1ee10', 'REG2024038', '2024-09-01', 'Toledano', 'Chana', '2014-04-28', 'Masculin', 'Française', 'Paris, France', '167 Rue de Paris, 75001 Paris', '0666203392', NULL, 'CE1', NULL, 'Parent de Chana', '0686779703', NULL, 'Actif', '[]', '18a09cde-ea72-4a0f-956c-949ca4ac4dc0', '1ac019cd-724e-48b8-9669-c7a5ce581132', '2025-11-19 02:25:40.69957', '2025-11-19 02:25:40.69957');
INSERT INTO public.students VALUES ('ed3e1cec-32dc-4987-be57-7f1f10ab695a', 'REG2024039', '2024-09-01', 'Benayoun', 'Rivka', '2017-05-28', 'Masculin', 'Française', 'Paris, France', '179 Rue de Paris, 75001 Paris', '0653702570', NULL, 'CE1', NULL, 'Parent de Rivka', '0682488211', NULL, 'Actif', '[]', '18a09cde-ea72-4a0f-956c-949ca4ac4dc0', '1ac019cd-724e-48b8-9669-c7a5ce581132', '2025-11-19 02:25:40.7034', '2025-11-19 02:25:40.7034');
INSERT INTO public.students VALUES ('c60b83d5-10b9-48cb-a866-7300bcfe8169', 'REG2024043', '2024-09-01', 'Attias', 'Rachel', '2010-05-17', 'Masculin', 'Française', 'Paris, France', '163 Rue de Paris, 75001 Paris', '0668461088', NULL, 'CE1', NULL, 'Parent de Rachel', '0624825087', 'Allergie aux arachides', 'Actif', '[]', '18a09cde-ea72-4a0f-956c-949ca4ac4dc0', '1ac019cd-724e-48b8-9669-c7a5ce581132', '2025-11-19 02:25:40.718062', '2025-11-19 02:25:40.718062');
INSERT INTO public.students VALUES ('bcb43df9-35c3-4e97-a305-8e64175f07ac', 'REG2024046', '2024-09-01', 'Kalfon', 'Chana', '2019-11-02', 'Féminin', 'Française', 'Paris, France', '98 Rue de Paris, 75001 Paris', '0697440649', NULL, 'CE2', NULL, 'Parent de Chana', '0646405982', NULL, 'Actif', '[]', '18a09cde-ea72-4a0f-956c-949ca4ac4dc0', '6ad74053-8da7-4522-876a-a0af6df79450', '2025-11-19 02:25:40.729144', '2025-11-19 02:25:40.729144');
INSERT INTO public.students VALUES ('d8a3d861-5969-4409-bd07-20b7428d9d13', 'REG2024047', '2024-09-01', 'Cohen', 'Rivka', '2014-07-14', 'Féminin', 'Française', 'Paris, France', '69 Rue de Paris, 75001 Paris', '0669208327', NULL, 'CE2', NULL, 'Parent de Rivka', '0696279610', 'Allergie aux arachides', 'Actif', '[]', '18a09cde-ea72-4a0f-956c-949ca4ac4dc0', '6ad74053-8da7-4522-876a-a0af6df79450', '2025-11-19 02:25:40.732915', '2025-11-19 02:25:40.732915');
INSERT INTO public.students VALUES ('fd3967b1-5689-4a5b-bde5-e8773547a82f', 'REG2024048', '2024-09-01', 'Cohen', 'Daniel', '2011-01-10', 'Masculin', 'Française', 'Paris, France', '130 Rue de Paris, 75001 Paris', '0662547504', NULL, 'CE2', NULL, 'Parent de Daniel', '062374768', 'Allergie aux arachides', 'Actif', '[]', '18a09cde-ea72-4a0f-956c-949ca4ac4dc0', '6ad74053-8da7-4522-876a-a0af6df79450', '2025-11-19 02:25:40.73654', '2025-11-19 02:25:40.73654');
INSERT INTO public.students VALUES ('ffc8fe26-5b95-43c6-8d3f-b17c0d1f6fad', 'REG2024050', '2024-09-01', 'Abitbol', 'Avraham', '2015-06-23', 'Féminin', 'Française', 'Paris, France', '18 Rue de Paris, 75001 Paris', '0614256555', NULL, 'CE2', NULL, 'Parent de Avraham', '0663621062', NULL, 'Actif', '[]', '18a09cde-ea72-4a0f-956c-949ca4ac4dc0', '6ad74053-8da7-4522-876a-a0af6df79450', '2025-11-19 02:25:40.743959', '2025-11-19 02:25:40.743959');
INSERT INTO public.students VALUES ('b352ff58-5223-4f8f-8182-251204a56f46', 'REG2024035', '2024-09-01', 'Azoulay', 'Yitzhak', '2018-03-23', 'Masculin', 'Française', 'Paris, France', '105 Rue de Paris, 75001 Paris', '0657954827', NULL, 'CE1', NULL, 'Parent de Yitzhak', '0673075874', 'Allergie aux arachides', 'Actif', '[]', '18a09cde-ea72-4a0f-956c-949ca4ac4dc0', '1ac019cd-724e-48b8-9669-c7a5ce581132', '2025-11-19 02:25:40.688738', '2025-11-20 00:31:10.277327');
INSERT INTO public.students VALUES ('3a447a56-7d60-48e7-9384-6750c68ffd70', 'REG2024036', '2024-09-01', 'Benayoun', 'Moche', '2018-02-04', 'Féminin', 'Française', 'Paris, France', '175 Rue de Paris, 75001 Paris', '0654810038', NULL, 'CE1', NULL, 'Parent de Moche', '0694264049', NULL, 'Actif', '[]', '18a09cde-ea72-4a0f-956c-949ca4ac4dc0', '1ac019cd-724e-48b8-9669-c7a5ce581132', '2025-11-19 02:25:40.692398', '2025-11-20 00:31:10.287096');
INSERT INTO public.students VALUES ('455b1b24-7ff9-420f-bcfe-b9719714cc0b', 'REG2024037', '2024-09-01', 'Abitbol', 'Rachel', '2018-08-15', 'Masculin', 'Française', 'Paris, France', '181 Rue de Paris, 75001 Paris', '0632573366', NULL, 'CE1', NULL, 'Parent de Rachel', '0648449132', NULL, 'Actif', '[]', '18a09cde-ea72-4a0f-956c-949ca4ac4dc0', '1ac019cd-724e-48b8-9669-c7a5ce581132', '2025-11-19 02:25:40.696013', '2025-11-20 00:31:10.29724');
INSERT INTO public.students VALUES ('55b2a32b-ad1e-46e0-b533-35ba9446cb7e', 'REG2024040', '2024-09-01', 'Attias', 'Avraham', '2018-03-07', 'Féminin', 'Française', 'Paris, France', '116 Rue de Paris, 75001 Paris', '0640418100', NULL, 'CE1', NULL, 'Parent de Avraham', '0657881085', NULL, 'Actif', '[]', '18a09cde-ea72-4a0f-956c-949ca4ac4dc0', '1ac019cd-724e-48b8-9669-c7a5ce581132', '2025-11-19 02:25:40.706843', '2025-11-20 00:31:10.811357');
INSERT INTO public.students VALUES ('10a86ed8-21f2-4974-b3f4-505929956347', 'REG2024041', '2024-09-01', 'Abitbol', 'Lea', '2018-02-05', 'Masculin', 'Française', 'Paris, France', '163 Rue de Paris, 75001 Paris', '0653719984', NULL, 'CE1', NULL, 'Parent de Lea', '0621086924', NULL, 'Actif', '[]', '18a09cde-ea72-4a0f-956c-949ca4ac4dc0', '1ac019cd-724e-48b8-9669-c7a5ce581132', '2025-11-19 02:25:40.710511', '2025-11-20 00:31:10.823326');
INSERT INTO public.students VALUES ('71a2b30e-061b-4c19-8f01-89b5f2209ffc', 'REG2024042', '2024-09-01', 'Abitbol', 'Elie', '2018-02-09', 'Féminin', 'Française', 'Paris, France', '67 Rue de Paris, 75001 Paris', '0686637359', NULL, 'CE1', NULL, 'Parent de Elie', '0697324841', NULL, 'Actif', '[]', '18a09cde-ea72-4a0f-956c-949ca4ac4dc0', '1ac019cd-724e-48b8-9669-c7a5ce581132', '2025-11-19 02:25:40.714286', '2025-11-20 00:31:10.838114');
INSERT INTO public.students VALUES ('4db015b7-827c-40fc-81e2-08d06ff760e4', 'REG2024044', '2024-09-01', 'Attias', 'Shlomo', '2018-05-04', 'Masculin', 'Française', 'Paris, France', '178 Rue de Paris, 75001 Paris', '0680518276', NULL, 'CE1', NULL, 'Parent de Shlomo', '0654958482', NULL, 'Actif', '[]', '18a09cde-ea72-4a0f-956c-949ca4ac4dc0', '1ac019cd-724e-48b8-9669-c7a5ce581132', '2025-11-19 02:25:40.721825', '2025-11-20 00:31:10.855761');
INSERT INTO public.students VALUES ('38498c4a-87eb-4989-85fd-4773a73bd50d', 'REG2024045', '2024-09-01', 'Levy', 'Rachel', '2018-08-15', 'Masculin', 'Française', 'Paris, France', '110 Rue de Paris, 75001 Paris', '0690847716', NULL, 'CE1', NULL, 'Parent de Rachel', '0687776845', NULL, 'Actif', '[]', '18a09cde-ea72-4a0f-956c-949ca4ac4dc0', '1ac019cd-724e-48b8-9669-c7a5ce581132', '2025-11-19 02:25:40.725443', '2025-11-20 00:31:10.867351');
INSERT INTO public.students VALUES ('06631ec1-d129-4883-aa1e-67283ff6853c', 'REG2024049', '2024-09-01', 'Azoulay', 'Yaakov', '2017-10-27', 'Masculin', 'Française', 'Paris, France', '90 Rue de Paris, 75001 Paris', '0622065495', NULL, 'CE2', NULL, 'Parent de Yaakov', '0636767781', NULL, 'Actif', '[]', '18a09cde-ea72-4a0f-956c-949ca4ac4dc0', '6ad74053-8da7-4522-876a-a0af6df79450', '2025-11-19 02:25:40.740296', '2025-11-20 00:31:10.878163');
INSERT INTO public.students VALUES ('4971f3e9-bad0-473a-8350-fcbc7e4d394e', 'REG2024051', '2024-09-01', 'Attias', 'Rachel', '2017-06-18', 'Féminin', 'Française', 'Paris, France', '102 Rue de Paris, 75001 Paris', '0671230417', NULL, 'CE2', NULL, 'Parent de Rachel', '0613926745', NULL, 'Actif', '[]', '18a09cde-ea72-4a0f-956c-949ca4ac4dc0', '6ad74053-8da7-4522-876a-a0af6df79450', '2025-11-19 02:25:40.747365', '2025-11-20 00:31:10.888587');
INSERT INTO public.students VALUES ('1ee72bd0-2a61-4666-8e59-3f1c51700b67', 'REG2024052', '2024-09-01', 'Abitbol', 'Noam', '2017-02-03', 'Masculin', 'Française', 'Paris, France', '3 Rue de Paris, 75001 Paris', '0653095427', NULL, 'CE2', NULL, 'Parent de Noam', '0677450540', 'Allergie aux arachides', 'Actif', '[]', '18a09cde-ea72-4a0f-956c-949ca4ac4dc0', '6ad74053-8da7-4522-876a-a0af6df79450', '2025-11-19 02:25:40.751103', '2025-11-20 00:31:10.898542');
INSERT INTO public.students VALUES ('93450dd5-372b-46d6-a3a6-aa2c4c2b02f0', 'REG2024053', '2024-09-01', 'Attias', 'Moche', '2017-06-10', 'Féminin', 'Française', 'Paris, France', '158 Rue de Paris, 75001 Paris', '0674150336', NULL, 'CE2', NULL, 'Parent de Moche', '0627954950', NULL, 'Actif', '[]', '18a09cde-ea72-4a0f-956c-949ca4ac4dc0', '6ad74053-8da7-4522-876a-a0af6df79450', '2025-11-19 02:25:40.754722', '2025-11-20 00:31:10.908415');
INSERT INTO public.students VALUES ('64448dd9-7306-43e8-adc6-0848de9f33d9', 'REG2024054', '2024-09-01', 'Kalfon', 'Yitzhak', '2017-12-24', 'Féminin', 'Française', 'Paris, France', '38 Rue de Paris, 75001 Paris', '0649984581', NULL, 'CE2', NULL, 'Parent de Yitzhak', '0698189946', NULL, 'Actif', '[]', '18a09cde-ea72-4a0f-956c-949ca4ac4dc0', '6ad74053-8da7-4522-876a-a0af6df79450', '2025-11-19 02:25:40.758453', '2025-11-20 00:31:10.919115');
INSERT INTO public.students VALUES ('7ed4899d-6dd3-4c39-b946-4b1a600caba9', 'REG2024055', '2024-09-01', 'Sibony', 'Avraham', '2017-05-01', 'Masculin', 'Française', 'Paris, France', '22 Rue de Paris, 75001 Paris', '0645178073', NULL, 'CE2', NULL, 'Parent de Avraham', '063981559', NULL, 'Actif', '[]', '18a09cde-ea72-4a0f-956c-949ca4ac4dc0', '6ad74053-8da7-4522-876a-a0af6df79450', '2025-11-19 02:25:40.762281', '2025-11-20 00:31:11.432669');
INSERT INTO public.students VALUES ('87fab955-ab79-47bd-a874-8e96fe032e34', 'REG2024056', '2024-09-01', 'Levy', 'Lea', '2017-08-16', 'Féminin', 'Française', 'Paris, France', '199 Rue de Paris, 75001 Paris', '0651449088', NULL, 'CE2', NULL, 'Parent de Lea', '0693566686', NULL, 'Actif', '[]', '18a09cde-ea72-4a0f-956c-949ca4ac4dc0', '6ad74053-8da7-4522-876a-a0af6df79450', '2025-11-19 02:25:40.765759', '2025-11-20 00:31:11.444969');
INSERT INTO public.students VALUES ('405bbdaa-77fa-492c-b7cd-ae476c70cec2', 'REG2024057', '2024-09-01', 'Sibony', 'Samuel', '2017-04-11', 'Masculin', 'Française', 'Paris, France', '97 Rue de Paris, 75001 Paris', '0650971177', NULL, 'CE2', NULL, 'Parent de Samuel', '0610858291', NULL, 'Actif', '[]', '18a09cde-ea72-4a0f-956c-949ca4ac4dc0', '6ad74053-8da7-4522-876a-a0af6df79450', '2025-11-19 02:25:40.769736', '2025-11-20 00:31:11.45633');
INSERT INTO public.students VALUES ('1ff3ed84-9189-4023-a065-48a36d335fba', 'REG2024058', '2024-09-01', 'Cohen', 'Elie', '2017-06-17', 'Féminin', 'Française', 'Paris, France', '18 Rue de Paris, 75001 Paris', '0638984408', NULL, 'CE2', NULL, 'Parent de Elie', '062037196', NULL, 'Actif', '[]', '18a09cde-ea72-4a0f-956c-949ca4ac4dc0', '6ad74053-8da7-4522-876a-a0af6df79450', '2025-11-19 02:25:40.773548', '2025-11-20 00:31:11.467247');
INSERT INTO public.students VALUES ('a90ad817-cb7a-4fe6-9226-74bf549f45ef', 'REG2024059', '2024-09-01', 'Cohen', 'Elie', '2017-07-18', 'Masculin', 'Française', 'Paris, France', '105 Rue de Paris, 75001 Paris', '0640096169', NULL, 'CE2', NULL, 'Parent de Elie', '063751920', NULL, 'Actif', '[]', '18a09cde-ea72-4a0f-956c-949ca4ac4dc0', '6ad74053-8da7-4522-876a-a0af6df79450', '2025-11-19 02:25:40.777418', '2025-11-20 00:31:11.478471');
INSERT INTO public.students VALUES ('0e366314-b948-4b2a-a030-57a86d36e0e3', 'REG2024060', '2024-09-01', 'Abitbol', 'Nathan', '2017-01-15', 'Masculin', 'Française', 'Paris, France', '119 Rue de Paris, 75001 Paris', '0681592115', NULL, 'CE2', NULL, 'Parent de Nathan', '0612405709', NULL, 'Actif', '[]', '18a09cde-ea72-4a0f-956c-949ca4ac4dc0', '6ad74053-8da7-4522-876a-a0af6df79450', '2025-11-19 02:25:40.781146', '2025-11-20 00:31:11.489097');
INSERT INTO public.students VALUES ('af1141b8-0b38-4033-a6b0-dc036f0a4991', 'REG2024061', '2024-09-01', 'Sibony', 'Nathan', '2017-12-27', 'Féminin', 'Française', 'Paris, France', '26 Rue de Paris, 75001 Paris', '0672627624', NULL, 'CE2', NULL, 'Parent de Nathan', '063892094', 'Allergie aux arachides', 'Actif', '[]', '18a09cde-ea72-4a0f-956c-949ca4ac4dc0', '6ad74053-8da7-4522-876a-a0af6df79450', '2025-11-19 02:25:40.785303', '2025-11-20 00:31:11.499435');
INSERT INTO public.students VALUES ('0592a82b-2b31-44b0-b10c-eb743d033a35', 'REG2024062', '2024-09-01', 'Benayoun', 'Avraham', '2017-05-02', 'Masculin', 'Française', 'Paris, France', '183 Rue de Paris, 75001 Paris', '067263482', NULL, 'CE2', NULL, 'Parent de Avraham', '061066255', 'Allergie aux arachides', 'Actif', '[]', '18a09cde-ea72-4a0f-956c-949ca4ac4dc0', '6ad74053-8da7-4522-876a-a0af6df79450', '2025-11-19 02:25:40.788889', '2025-11-20 00:31:11.510225');
INSERT INTO public.students VALUES ('a1dac60c-2896-47bf-b1db-51131464accc', 'REG2024063', '2024-09-01', 'Attias', 'Moche', '2017-07-22', 'Féminin', 'Française', 'Paris, France', '159 Rue de Paris, 75001 Paris', '068179289', NULL, 'CE2', NULL, 'Parent de Moche', '069054360', NULL, 'Actif', '[]', '18a09cde-ea72-4a0f-956c-949ca4ac4dc0', '6ad74053-8da7-4522-876a-a0af6df79450', '2025-11-19 02:25:40.792743', '2025-11-20 00:31:11.520183');
INSERT INTO public.students VALUES ('c9aee03f-4a04-4cb5-98b2-a0b2b458f697', 'REG2024064', '2024-09-01', 'Levy', 'Daniel', '2018-05-16', 'Masculin', 'Française', 'Paris, France', '143 Rue de Paris, 75001 Paris', '0651954346', NULL, 'CE2', NULL, 'Parent de Daniel', '0669939345', NULL, 'Actif', '[]', '18a09cde-ea72-4a0f-956c-949ca4ac4dc0', '6ad74053-8da7-4522-876a-a0af6df79450', '2025-11-19 02:25:40.796632', '2025-11-19 02:25:40.796632');
INSERT INTO public.students VALUES ('b9d74ffb-e100-451d-b0eb-b9e8c134dee3', 'REG2024065', '2024-09-01', 'Abitbol', 'Rachel', '2019-05-06', 'Masculin', 'Française', 'Paris, France', '136 Rue de Paris, 75001 Paris', '0653647433', NULL, 'CE2', NULL, 'Parent de Rachel', '0667358214', 'Allergie aux arachides', 'Actif', '[]', '18a09cde-ea72-4a0f-956c-949ca4ac4dc0', '6ad74053-8da7-4522-876a-a0af6df79450', '2025-11-19 02:25:40.800845', '2025-11-19 02:25:40.800845');
INSERT INTO public.students VALUES ('e65d690e-136c-4e0f-8ab7-b4b69603bb84', 'REG2024067', '2024-09-01', 'Levy', 'Yaakov', '2013-06-14', 'Féminin', 'Française', 'Paris, France', '93 Rue de Paris, 75001 Paris', '0614498986', NULL, 'CE2', NULL, 'Parent de Yaakov', '063846148', NULL, 'Actif', '[]', '18a09cde-ea72-4a0f-956c-949ca4ac4dc0', '6ad74053-8da7-4522-876a-a0af6df79450', '2025-11-19 02:25:40.809158', '2025-11-19 02:25:40.809158');
INSERT INTO public.students VALUES ('fd56709f-db60-4ea0-9eae-43df6d715f8e', 'REG2024071', '2024-09-01', 'Benayoun', 'Samuel', '2013-11-23', 'Féminin', 'Française', 'Paris, France', '178 Rue de Paris, 75001 Paris', '0682241581', NULL, 'CE2', NULL, 'Parent de Samuel', '0655817898', NULL, 'Actif', '[]', '18a09cde-ea72-4a0f-956c-949ca4ac4dc0', '6ad74053-8da7-4522-876a-a0af6df79450', '2025-11-19 02:25:40.826235', '2025-11-19 02:25:40.826235');
INSERT INTO public.students VALUES ('faf4c41b-8639-4633-a46c-14cd5ad62042', 'REG2024074', '2024-09-01', 'Levy', 'Yaakov', '2016-06-25', 'Masculin', 'Française', 'Paris, France', '33 Rue de Paris, 75001 Paris', '0699194830', NULL, 'CM1', NULL, 'Parent de Yaakov', '0649402900', NULL, 'Actif', '[]', '18a09cde-ea72-4a0f-956c-949ca4ac4dc0', '9b24bde3-d785-4a1a-b464-b1e808b09725', '2025-11-19 02:25:40.837255', '2025-11-19 02:25:40.837255');
INSERT INTO public.students VALUES ('c8e5ea1c-4578-4786-842c-a3a7e9ffd9a5', 'REG2024075', '2024-09-01', 'Azoulay', 'Yitzhak', '2019-02-01', 'Féminin', 'Française', 'Paris, France', '159 Rue de Paris, 75001 Paris', '0678420375', NULL, 'CM1', NULL, 'Parent de Yitzhak', '0655391246', NULL, 'Actif', '[]', '18a09cde-ea72-4a0f-956c-949ca4ac4dc0', '9b24bde3-d785-4a1a-b464-b1e808b09725', '2025-11-19 02:25:40.840767', '2025-11-19 02:25:40.840767');
INSERT INTO public.students VALUES ('ca300444-591b-42f1-9151-2f9a081e12d9', 'REG2024078', '2024-09-01', 'Elfassi', 'Nathan', '2014-01-18', 'Masculin', 'Française', 'Paris, France', '32 Rue de Paris, 75001 Paris', '0669114794', NULL, 'CM1', NULL, 'Parent de Nathan', '0615049442', NULL, 'Actif', '[]', '18a09cde-ea72-4a0f-956c-949ca4ac4dc0', '9b24bde3-d785-4a1a-b464-b1e808b09725', '2025-11-19 02:25:40.852044', '2025-11-19 02:25:40.852044');
INSERT INTO public.students VALUES ('c78d94e1-a408-410a-8225-676fffc08618', 'REG2024081', '2024-09-01', 'Sibony', 'Sarah', '2013-02-15', 'Masculin', 'Française', 'Paris, France', '156 Rue de Paris, 75001 Paris', '0667874062', NULL, 'CM1', NULL, 'Parent de Sarah', '064511433', NULL, 'Actif', '[]', '18a09cde-ea72-4a0f-956c-949ca4ac4dc0', '9b24bde3-d785-4a1a-b464-b1e808b09725', '2025-11-19 02:25:40.862895', '2025-11-19 02:25:40.862895');
INSERT INTO public.students VALUES ('b691891f-6737-4b55-b271-fc5fde7a087f', 'REG2024082', '2024-09-01', 'Kalfon', 'Lea', '2013-01-17', 'Masculin', 'Française', 'Paris, France', '105 Rue de Paris, 75001 Paris', '0668595459', NULL, 'CM1', NULL, 'Parent de Lea', '0668573922', NULL, 'Actif', '[]', '18a09cde-ea72-4a0f-956c-949ca4ac4dc0', '9b24bde3-d785-4a1a-b464-b1e808b09725', '2025-11-19 02:25:40.866818', '2025-11-19 02:25:40.866818');
INSERT INTO public.students VALUES ('e025ba63-5dba-46f6-8feb-4cb4da842b81', 'REG2024088', '2024-09-01', 'Sibony', 'Lea', '2019-10-22', 'Masculin', 'Française', 'Paris, France', '25 Rue de Paris, 75001 Paris', '0669345506', NULL, 'CM1', NULL, 'Parent de Lea', '0632475575', NULL, 'Actif', '[]', '18a09cde-ea72-4a0f-956c-949ca4ac4dc0', '9b24bde3-d785-4a1a-b464-b1e808b09725', '2025-11-19 02:25:40.888495', '2025-11-19 02:25:40.888495');
INSERT INTO public.students VALUES ('cec1dc4e-bcce-4b86-b0d6-6724ea9e8bf9', 'REG2024089', '2024-09-01', 'Benayoun', 'Daniel', '2014-10-27', 'Féminin', 'Française', 'Paris, France', '171 Rue de Paris, 75001 Paris', '068468142', NULL, 'CM1', NULL, 'Parent de Daniel', '0624342607', NULL, 'Actif', '[]', '18a09cde-ea72-4a0f-956c-949ca4ac4dc0', '9b24bde3-d785-4a1a-b464-b1e808b09725', '2025-11-19 02:25:40.892107', '2025-11-19 02:25:40.892107');
INSERT INTO public.students VALUES ('c7cc20c1-4fd2-4fa6-8a1a-65ac5364d097', 'REG2024095', '2024-09-01', 'Attias', 'Moche', '2012-02-04', 'Masculin', 'Française', 'Paris, France', '192 Rue de Paris, 75001 Paris', '0639827756', NULL, 'CM1', NULL, 'Parent de Moche', '0629858921', NULL, 'Actif', '[]', '18a09cde-ea72-4a0f-956c-949ca4ac4dc0', '9b24bde3-d785-4a1a-b464-b1e808b09725', '2025-11-19 02:25:40.914152', '2025-11-19 02:25:40.914152');
INSERT INTO public.students VALUES ('029a6593-a7b5-44ba-a606-bd0617fece27', 'REG2024068', '2024-09-01', 'Toledano', 'Lea', '2017-09-01', 'Féminin', 'Française', 'Paris, France', '29 Rue de Paris, 75001 Paris', '0638107726', NULL, 'CE2', NULL, 'Parent de Lea', '0625845945', NULL, 'Actif', '[]', '18a09cde-ea72-4a0f-956c-949ca4ac4dc0', '6ad74053-8da7-4522-876a-a0af6df79450', '2025-11-19 02:25:40.813805', '2025-11-20 00:31:12.044272');
INSERT INTO public.students VALUES ('9d146310-8b82-455b-97c7-98476ea5c29b', 'REG2024069', '2024-09-01', 'Elfassi', 'Sarah', '2017-11-06', 'Féminin', 'Française', 'Paris, France', '124 Rue de Paris, 75001 Paris', '0664216245', NULL, 'CE2', NULL, 'Parent de Sarah', '065529430', 'Allergie aux arachides', 'Actif', '[]', '18a09cde-ea72-4a0f-956c-949ca4ac4dc0', '6ad74053-8da7-4522-876a-a0af6df79450', '2025-11-19 02:25:40.81859', '2025-11-20 00:31:12.05606');
INSERT INTO public.students VALUES ('194f3b7e-9766-4b7e-8e9d-3843bfdb054a', 'REG2024070', '2024-09-01', 'Benayoun', 'Noam', '2017-02-12', 'Masculin', 'Française', 'Paris, France', '93 Rue de Paris, 75001 Paris', '0633979142', NULL, 'CE2', NULL, 'Parent de Noam', '0626008169', NULL, 'Actif', '[]', '18a09cde-ea72-4a0f-956c-949ca4ac4dc0', '6ad74053-8da7-4522-876a-a0af6df79450', '2025-11-19 02:25:40.822515', '2025-11-20 00:31:12.067086');
INSERT INTO public.students VALUES ('a05c99f2-857b-404e-a6fd-6b324abb4022', 'REG2024072', '2024-09-01', 'Azoulay', 'Rivka', '2017-11-05', 'Masculin', 'Française', 'Paris, France', '85 Rue de Paris, 75001 Paris', '0692877453', NULL, 'CE2', NULL, 'Parent de Rivka', '0680333761', NULL, 'Actif', '[]', '18a09cde-ea72-4a0f-956c-949ca4ac4dc0', '6ad74053-8da7-4522-876a-a0af6df79450', '2025-11-19 02:25:40.83001', '2025-11-20 00:31:12.077756');
INSERT INTO public.students VALUES ('33867911-539e-4265-ada5-9c9510eb57d9', 'REG2024073', '2024-09-01', 'Toledano', 'Noam', '2016-06-08', 'Masculin', 'Française', 'Paris, France', '197 Rue de Paris, 75001 Paris', '0634485001', NULL, 'CM1', NULL, 'Parent de Noam', '0634042333', NULL, 'Actif', '[]', '18a09cde-ea72-4a0f-956c-949ca4ac4dc0', '9b24bde3-d785-4a1a-b464-b1e808b09725', '2025-11-19 02:25:40.833724', '2025-11-20 00:31:12.087822');
INSERT INTO public.students VALUES ('683fdf67-7b76-462a-a4ed-caec1e18a285', 'REG2024076', '2024-09-01', 'Elfassi', 'Nathan', '2016-11-19', 'Féminin', 'Française', 'Paris, France', '183 Rue de Paris, 75001 Paris', '064645026', NULL, 'CM1', NULL, 'Parent de Nathan', '067843124', NULL, 'Actif', '[]', '18a09cde-ea72-4a0f-956c-949ca4ac4dc0', '9b24bde3-d785-4a1a-b464-b1e808b09725', '2025-11-19 02:25:40.844577', '2025-11-20 00:31:12.098009');
INSERT INTO public.students VALUES ('6206967f-a076-4ed1-a040-55773e8e7528', 'REG2024077', '2024-09-01', 'Cohen', 'Rachel', '2016-06-19', 'Féminin', 'Française', 'Paris, France', '104 Rue de Paris, 75001 Paris', '0691518085', NULL, 'CM1', NULL, 'Parent de Rachel', '0694202168', NULL, 'Actif', '[]', '18a09cde-ea72-4a0f-956c-949ca4ac4dc0', '9b24bde3-d785-4a1a-b464-b1e808b09725', '2025-11-19 02:25:40.848261', '2025-11-20 00:31:12.108114');
INSERT INTO public.students VALUES ('483347f8-a822-4547-aa88-fba6c5e85c28', 'REG2024079', '2024-09-01', 'Attias', 'Lea', '2016-04-25', 'Féminin', 'Française', 'Paris, France', '20 Rue de Paris, 75001 Paris', '0632184805', NULL, 'CM1', NULL, 'Parent de Lea', '0685302955', NULL, 'Actif', '[]', '18a09cde-ea72-4a0f-956c-949ca4ac4dc0', '9b24bde3-d785-4a1a-b464-b1e808b09725', '2025-11-19 02:25:40.855468', '2025-11-20 00:31:12.118203');
INSERT INTO public.students VALUES ('95526e72-6909-4776-ba78-7af3e0534998', 'REG2024083', '2024-09-01', 'Kalfon', 'Lea', '2016-11-07', 'Masculin', 'Française', 'Paris, France', '32 Rue de Paris, 75001 Paris', '0632601530', NULL, 'CM1', NULL, 'Parent de Lea', '0670598027', NULL, 'Actif', '[]', '18a09cde-ea72-4a0f-956c-949ca4ac4dc0', '9b24bde3-d785-4a1a-b464-b1e808b09725', '2025-11-19 02:25:40.870392', '2025-11-20 00:31:12.138201');
INSERT INTO public.students VALUES ('0b966549-3308-4413-9298-fb95286e0603', 'REG2024084', '2024-09-01', 'Cohen', 'Samuel', '2016-09-13', 'Féminin', 'Française', 'Paris, France', '80 Rue de Paris, 75001 Paris', '0651631527', NULL, 'CM1', NULL, 'Parent de Samuel', '0673852197', NULL, 'Actif', '[]', '18a09cde-ea72-4a0f-956c-949ca4ac4dc0', '9b24bde3-d785-4a1a-b464-b1e808b09725', '2025-11-19 02:25:40.873871', '2025-11-20 00:31:12.651941');
INSERT INTO public.students VALUES ('3ba8eeaa-9132-4d1c-8248-7d5100544f02', 'REG2024085', '2024-09-01', 'Azoulay', 'Daniel', '2016-05-06', 'Masculin', 'Française', 'Paris, France', '145 Rue de Paris, 75001 Paris', '0693642584', NULL, 'CM1', NULL, 'Parent de Daniel', '0659418938', NULL, 'Actif', '[]', '18a09cde-ea72-4a0f-956c-949ca4ac4dc0', '9b24bde3-d785-4a1a-b464-b1e808b09725', '2025-11-19 02:25:40.87761', '2025-11-20 00:31:12.663856');
INSERT INTO public.students VALUES ('97a703df-8dc5-4144-a659-3a9bab8b37a3', 'REG2024086', '2024-09-01', 'Toledano', 'Samuel', '2016-07-17', 'Masculin', 'Française', 'Paris, France', '172 Rue de Paris, 75001 Paris', '0631051063', NULL, 'CM1', NULL, 'Parent de Samuel', '0610105079', NULL, 'Actif', '[]', '18a09cde-ea72-4a0f-956c-949ca4ac4dc0', '9b24bde3-d785-4a1a-b464-b1e808b09725', '2025-11-19 02:25:40.88127', '2025-11-20 00:31:12.674772');
INSERT INTO public.students VALUES ('6d98b5fa-438d-4488-bbb6-dbffff902391', 'REG2024087', '2024-09-01', 'Kalfon', 'Nathan', '2016-02-08', 'Féminin', 'Française', 'Paris, France', '70 Rue de Paris, 75001 Paris', '0664337183', NULL, 'CM1', NULL, 'Parent de Nathan', '0696903860', 'Allergie aux arachides', 'Actif', '[]', '18a09cde-ea72-4a0f-956c-949ca4ac4dc0', '9b24bde3-d785-4a1a-b464-b1e808b09725', '2025-11-19 02:25:40.885042', '2025-11-20 00:31:12.685683');
INSERT INTO public.students VALUES ('262718f2-3825-407a-b179-5e49d0634186', 'REG2024090', '2024-09-01', 'Kalfon', 'Samuel', '2016-09-08', 'Féminin', 'Française', 'Paris, France', '101 Rue de Paris, 75001 Paris', '0685283479', NULL, 'CM1', NULL, 'Parent de Samuel', '0697982509', NULL, 'Actif', '[]', '18a09cde-ea72-4a0f-956c-949ca4ac4dc0', '9b24bde3-d785-4a1a-b464-b1e808b09725', '2025-11-19 02:25:40.89594', '2025-11-20 00:31:12.696419');
INSERT INTO public.students VALUES ('51d08817-ea47-49ef-855d-7bf44634a96b', 'REG2024091', '2024-09-01', 'Azoulay', 'Lea', '2016-03-13', 'Féminin', 'Française', 'Paris, France', '95 Rue de Paris, 75001 Paris', '0615552539', NULL, 'CM1', NULL, 'Parent de Lea', '066212393', 'Allergie aux arachides', 'Actif', '[]', '18a09cde-ea72-4a0f-956c-949ca4ac4dc0', '9b24bde3-d785-4a1a-b464-b1e808b09725', '2025-11-19 02:25:40.899685', '2025-11-20 00:31:12.706591');
INSERT INTO public.students VALUES ('17915089-c2f8-41bc-9473-b41f915ee438', 'REG2024092', '2024-09-01', 'Benayoun', 'Daniel', '2016-08-19', 'Féminin', 'Française', 'Paris, France', '164 Rue de Paris, 75001 Paris', '0644298211', NULL, 'CM1', NULL, 'Parent de Daniel', '0647178147', 'Allergie aux arachides', 'Actif', '[]', '18a09cde-ea72-4a0f-956c-949ca4ac4dc0', '9b24bde3-d785-4a1a-b464-b1e808b09725', '2025-11-19 02:25:40.903398', '2025-11-20 00:31:12.717594');
INSERT INTO public.students VALUES ('2a0e6982-4b74-455d-994c-d8dca94c06f4', 'REG2024093', '2024-09-01', 'Levy', 'Shlomo', '2016-03-27', 'Féminin', 'Française', 'Paris, France', '44 Rue de Paris, 75001 Paris', '0666352560', NULL, 'CM1', NULL, 'Parent de Shlomo', '0617769893', NULL, 'Actif', '[]', '18a09cde-ea72-4a0f-956c-949ca4ac4dc0', '9b24bde3-d785-4a1a-b464-b1e808b09725', '2025-11-19 02:25:40.906828', '2025-11-20 00:31:12.728241');
INSERT INTO public.students VALUES ('3d5f3721-03d7-486b-afee-36794f64455f', 'REG2024094', '2024-09-01', 'Azoulay', 'Daniel', '2016-05-11', 'Féminin', 'Française', 'Paris, France', '82 Rue de Paris, 75001 Paris', '0658808577', NULL, 'CM1', NULL, 'Parent de Daniel', '0688707269', NULL, 'Actif', '[]', '18a09cde-ea72-4a0f-956c-949ca4ac4dc0', '9b24bde3-d785-4a1a-b464-b1e808b09725', '2025-11-19 02:25:40.910502', '2025-11-20 00:31:12.738538');
INSERT INTO public.students VALUES ('be124d35-e0e0-489c-899c-bb61e407c252', 'REG2024097', '2024-09-01', 'Sibony', 'Sarah', '2013-06-02', 'Masculin', 'Française', 'Paris, France', '153 Rue de Paris, 75001 Paris', '0659032105', NULL, 'CM2', NULL, 'Parent de Sarah', '067321611', NULL, 'Actif', '[]', '18a09cde-ea72-4a0f-956c-949ca4ac4dc0', '60847cc8-814b-4d7c-8f2e-cf5ee3516854', '2025-11-19 02:25:40.92284', '2025-11-19 02:25:40.92284');
INSERT INTO public.students VALUES ('d269a9eb-a3b5-4495-a4ee-4bce9437ba78', 'REG2024099', '2024-09-01', 'Elfassi', 'Moche', '2013-12-21', 'Masculin', 'Française', 'Paris, France', '66 Rue de Paris, 75001 Paris', '0614504021', NULL, 'CM2', NULL, 'Parent de Moche', '0623815885', NULL, 'Actif', '[]', '18a09cde-ea72-4a0f-956c-949ca4ac4dc0', '60847cc8-814b-4d7c-8f2e-cf5ee3516854', '2025-11-19 02:25:40.931233', '2025-11-19 02:25:40.931233');
INSERT INTO public.students VALUES ('db023992-26c9-43bf-a903-32caacebb073', 'REG2024103', '2024-09-01', 'Levy', 'Noam', '2016-08-28', 'Féminin', 'Française', 'Paris, France', '23 Rue de Paris, 75001 Paris', '0662738346', NULL, 'CM2', NULL, 'Parent de Noam', '0665362383', 'Allergie aux arachides', 'Actif', '[]', '18a09cde-ea72-4a0f-956c-949ca4ac4dc0', '60847cc8-814b-4d7c-8f2e-cf5ee3516854', '2025-11-19 02:25:40.945875', '2025-11-19 02:25:40.945875');
INSERT INTO public.students VALUES ('dc7b7740-90b1-4c52-b5aa-e431997be26d', 'REG2024106', '2024-09-01', 'Kalfon', 'Rivka', '2010-07-23', 'Féminin', 'Française', 'Paris, France', '35 Rue de Paris, 75001 Paris', '0643835939', NULL, 'CM2', NULL, 'Parent de Rivka', '0616634624', 'Allergie aux arachides', 'Actif', '[]', '18a09cde-ea72-4a0f-956c-949ca4ac4dc0', '60847cc8-814b-4d7c-8f2e-cf5ee3516854', '2025-11-19 02:25:40.957278', '2025-11-19 02:25:40.957278');
INSERT INTO public.students VALUES ('b914429e-a24a-498c-92b3-0c67c39c3deb', 'REG2024108', '2024-09-01', 'Benayoun', 'Yitzhak', '2013-05-02', 'Féminin', 'Française', 'Paris, France', '82 Rue de Paris, 75001 Paris', '0636477425', NULL, 'CM2', NULL, 'Parent de Yitzhak', '0637697553', 'Allergie aux arachides', 'Actif', '[]', '18a09cde-ea72-4a0f-956c-949ca4ac4dc0', '60847cc8-814b-4d7c-8f2e-cf5ee3516854', '2025-11-19 02:25:40.964394', '2025-11-19 02:25:40.964394');
INSERT INTO public.students VALUES ('f0669d3b-c319-40bd-813d-2fcca284e506', 'REG2024114', '2024-09-01', 'Azoulay', 'Avraham', '2014-10-28', 'Féminin', 'Française', 'Paris, France', '110 Rue de Paris, 75001 Paris', '0655071410', NULL, 'CM2', NULL, 'Parent de Avraham', '0696260857', NULL, 'Actif', '[]', '18a09cde-ea72-4a0f-956c-949ca4ac4dc0', '60847cc8-814b-4d7c-8f2e-cf5ee3516854', '2025-11-19 02:25:40.986592', '2025-11-19 02:25:40.986592');
INSERT INTO public.students VALUES ('d1dc4ea9-9b90-41ec-89c3-fb35fb46101d', 'REG2024116', '2024-09-01', 'Toledano', 'Daniel', '2010-02-17', 'Féminin', 'Française', 'Paris, France', '126 Rue de Paris, 75001 Paris', '0623434335', NULL, 'CM2', NULL, 'Parent de Daniel', '0686746338', NULL, 'Actif', '[]', '18a09cde-ea72-4a0f-956c-949ca4ac4dc0', '60847cc8-814b-4d7c-8f2e-cf5ee3516854', '2025-11-19 02:25:40.993779', '2025-11-19 02:25:40.993779');
INSERT INTO public.students VALUES ('d87c3290-21b3-47c9-a0da-b3814f7f8d01', 'REG2024124', '2024-09-01', 'Toledano', 'Nathan', '2013-10-10', 'Masculin', 'Française', 'Paris, France', '53 Rue de Paris, 75001 Paris', '0676704530', NULL, '6ème', NULL, 'Parent de Nathan', '0642888986', NULL, 'Actif', '[]', '18a09cde-ea72-4a0f-956c-949ca4ac4dc0', '826b91cb-f168-4e71-a539-e4fd6dfb6520', '2025-11-19 02:25:41.023271', '2025-11-19 02:25:41.023271');
INSERT INTO public.students VALUES ('f0625792-fbfa-4822-aaf1-d8beb65ec58e', 'REG2024125', '2024-09-01', 'Attias', 'Shlomo', '2012-07-04', 'Masculin', 'Française', 'Paris, France', '55 Rue de Paris, 75001 Paris', '0680088465', NULL, '6ème', NULL, 'Parent de Shlomo', '0635169611', NULL, 'Actif', '[]', '18a09cde-ea72-4a0f-956c-949ca4ac4dc0', '826b91cb-f168-4e71-a539-e4fd6dfb6520', '2025-11-19 02:25:41.02697', '2025-11-19 02:25:41.02697');
INSERT INTO public.students VALUES ('2b58051a-4af4-4fe9-8e84-008b451f7f38', 'REG2024098', '2024-09-01', 'Levy', 'Moche', '2015-12-13', 'Masculin', 'Française', 'Paris, France', '138 Rue de Paris, 75001 Paris', '067068857', NULL, 'CM2', NULL, 'Parent de Moche', '0689289537', NULL, 'Actif', '[]', '18a09cde-ea72-4a0f-956c-949ca4ac4dc0', '60847cc8-814b-4d7c-8f2e-cf5ee3516854', '2025-11-19 02:25:40.927229', '2025-11-20 00:31:13.261016');
INSERT INTO public.students VALUES ('0a371959-370e-4b28-8af8-2900700f2319', 'REG2024100', '2024-09-01', 'Azoulay', 'Daniel', '2015-01-17', 'Féminin', 'Française', 'Paris, France', '24 Rue de Paris, 75001 Paris', '0653902539', NULL, 'CM2', NULL, 'Parent de Daniel', '0675117544', NULL, 'Actif', '[]', '18a09cde-ea72-4a0f-956c-949ca4ac4dc0', '60847cc8-814b-4d7c-8f2e-cf5ee3516854', '2025-11-19 02:25:40.935157', '2025-11-20 00:31:13.272321');
INSERT INTO public.students VALUES ('892990f0-08f0-4cd0-aa1f-39509ae6e251', 'REG2024101', '2024-09-01', 'Sibony', 'Sarah', '2015-09-23', 'Féminin', 'Française', 'Paris, France', '43 Rue de Paris, 75001 Paris', '064790655', NULL, 'CM2', NULL, 'Parent de Sarah', '0682362817', NULL, 'Actif', '[]', '18a09cde-ea72-4a0f-956c-949ca4ac4dc0', '60847cc8-814b-4d7c-8f2e-cf5ee3516854', '2025-11-19 02:25:40.938679', '2025-11-20 00:31:13.283668');
INSERT INTO public.students VALUES ('7862bfa7-b174-4b17-a2c4-1382996a23b1', 'REG2024102', '2024-09-01', 'Levy', 'Nathan', '2015-11-12', 'Féminin', 'Française', 'Paris, France', '41 Rue de Paris, 75001 Paris', '0677117044', NULL, 'CM2', NULL, 'Parent de Nathan', '0644860953', 'Allergie aux arachides', 'Actif', '[]', '18a09cde-ea72-4a0f-956c-949ca4ac4dc0', '60847cc8-814b-4d7c-8f2e-cf5ee3516854', '2025-11-19 02:25:40.942308', '2025-11-20 00:31:13.294298');
INSERT INTO public.students VALUES ('6bc0d9a1-d392-409f-8090-0199cfa53c5d', 'REG2024104', '2024-09-01', 'Kalfon', 'Lea', '2015-12-07', 'Féminin', 'Française', 'Paris, France', '56 Rue de Paris, 75001 Paris', '0646866659', NULL, 'CM2', NULL, 'Parent de Lea', '0641960934', NULL, 'Actif', '[]', '18a09cde-ea72-4a0f-956c-949ca4ac4dc0', '60847cc8-814b-4d7c-8f2e-cf5ee3516854', '2025-11-19 02:25:40.950061', '2025-11-20 00:31:13.304107');
INSERT INTO public.students VALUES ('99245563-0359-4a54-be9d-b5ecac6a7d59', 'REG2024105', '2024-09-01', 'Abitbol', 'Daniel', '2015-10-16', 'Masculin', 'Française', 'Paris, France', '63 Rue de Paris, 75001 Paris', '0681258419', NULL, 'CM2', NULL, 'Parent de Daniel', '0632241878', NULL, 'Actif', '[]', '18a09cde-ea72-4a0f-956c-949ca4ac4dc0', '60847cc8-814b-4d7c-8f2e-cf5ee3516854', '2025-11-19 02:25:40.953744', '2025-11-20 00:31:13.31402');
INSERT INTO public.students VALUES ('28bbf571-2b27-444d-92c6-f10b9a695c8f', 'REG2024107', '2024-09-01', 'Toledano', 'Rachel', '2015-03-07', 'Féminin', 'Française', 'Paris, France', '8 Rue de Paris, 75001 Paris', '0678462883', NULL, 'CM2', NULL, 'Parent de Rachel', '0663032929', NULL, 'Actif', '[]', '18a09cde-ea72-4a0f-956c-949ca4ac4dc0', '60847cc8-814b-4d7c-8f2e-cf5ee3516854', '2025-11-19 02:25:40.960825', '2025-11-20 00:31:13.325383');
INSERT INTO public.students VALUES ('6e400df5-c2d6-41bf-b263-89533b6e58a8', 'REG2024109', '2024-09-01', 'Elfassi', 'Noam', '2015-01-15', 'Masculin', 'Française', 'Paris, France', '58 Rue de Paris, 75001 Paris', '0680003873', NULL, 'CM2', NULL, 'Parent de Noam', '0663860358', NULL, 'Actif', '[]', '18a09cde-ea72-4a0f-956c-949ca4ac4dc0', '60847cc8-814b-4d7c-8f2e-cf5ee3516854', '2025-11-19 02:25:40.968315', '2025-11-20 00:31:13.335623');
INSERT INTO public.students VALUES ('45ee02b9-a880-48ef-93df-5822a1a8fdc7', 'REG2024110', '2024-09-01', 'Sibony', 'Lea', '2015-05-26', 'Féminin', 'Française', 'Paris, France', '53 Rue de Paris, 75001 Paris', '068561260', NULL, 'CM2', NULL, 'Parent de Lea', '0656235061', NULL, 'Actif', '[]', '18a09cde-ea72-4a0f-956c-949ca4ac4dc0', '60847cc8-814b-4d7c-8f2e-cf5ee3516854', '2025-11-19 02:25:40.97183', '2025-11-20 00:31:13.345924');
INSERT INTO public.students VALUES ('863aae77-596c-4197-b968-74d243010c79', 'REG2024111', '2024-09-01', 'Elfassi', 'Daniel', '2015-04-09', 'Féminin', 'Française', 'Paris, France', '110 Rue de Paris, 75001 Paris', '0682161678', NULL, 'CM2', NULL, 'Parent de Daniel', '0656674764', 'Allergie aux arachides', 'Actif', '[]', '18a09cde-ea72-4a0f-956c-949ca4ac4dc0', '60847cc8-814b-4d7c-8f2e-cf5ee3516854', '2025-11-19 02:25:40.975763', '2025-11-20 00:31:13.356932');
INSERT INTO public.students VALUES ('adf84c56-663c-4ec2-9cf0-eef20f6c5051', 'REG2024112', '2024-09-01', 'Kalfon', 'Noam', '2015-01-02', 'Masculin', 'Française', 'Paris, France', '49 Rue de Paris, 75001 Paris', '0616932464', NULL, 'CM2', NULL, 'Parent de Noam', '0659772927', 'Allergie aux arachides', 'Actif', '[]', '18a09cde-ea72-4a0f-956c-949ca4ac4dc0', '60847cc8-814b-4d7c-8f2e-cf5ee3516854', '2025-11-19 02:25:40.979435', '2025-11-20 00:31:13.872388');
INSERT INTO public.students VALUES ('338f6d86-9902-4fa6-97f8-1625c7b7f9f7', 'REG2024113', '2024-09-01', 'Abitbol', 'Chana', '2015-10-03', 'Masculin', 'Française', 'Paris, France', '129 Rue de Paris, 75001 Paris', '061684323', NULL, 'CM2', NULL, 'Parent de Chana', '0643918822', NULL, 'Actif', '[]', '18a09cde-ea72-4a0f-956c-949ca4ac4dc0', '60847cc8-814b-4d7c-8f2e-cf5ee3516854', '2025-11-19 02:25:40.982985', '2025-11-20 00:31:13.885386');
INSERT INTO public.students VALUES ('57992188-f66a-4adb-96ac-4f225e62c7ab', 'REG2024115', '2024-09-01', 'Levy', 'Rachel', '2015-01-19', 'Masculin', 'Française', 'Paris, France', '47 Rue de Paris, 75001 Paris', '0661380242', NULL, 'CM2', NULL, 'Parent de Rachel', '065405124', NULL, 'Actif', '[]', '18a09cde-ea72-4a0f-956c-949ca4ac4dc0', '60847cc8-814b-4d7c-8f2e-cf5ee3516854', '2025-11-19 02:25:40.990094', '2025-11-20 00:31:13.895955');
INSERT INTO public.students VALUES ('8a7da972-36d4-4fb2-9fe9-317575ebe6d2', 'REG2024117', '2024-09-01', 'Azoulay', 'Shlomo', '2015-11-14', 'Masculin', 'Française', 'Paris, France', '198 Rue de Paris, 75001 Paris', '0663432856', NULL, 'CM2', NULL, 'Parent de Shlomo', '0686698347', NULL, 'Actif', '[]', '18a09cde-ea72-4a0f-956c-949ca4ac4dc0', '60847cc8-814b-4d7c-8f2e-cf5ee3516854', '2025-11-19 02:25:40.997316', '2025-11-20 00:31:13.90859');
INSERT INTO public.students VALUES ('855418ee-30fa-4f67-a1ff-e89aa6c44555', 'REG2024118', '2024-09-01', 'Kalfon', 'Samuel', '2014-08-27', 'Masculin', 'Française', 'Paris, France', '127 Rue de Paris, 75001 Paris', '0689805530', NULL, '6ème', NULL, 'Parent de Samuel', '0658313057', NULL, 'Actif', '[]', '18a09cde-ea72-4a0f-956c-949ca4ac4dc0', '826b91cb-f168-4e71-a539-e4fd6dfb6520', '2025-11-19 02:25:41.00119', '2025-11-20 00:31:13.921814');
INSERT INTO public.students VALUES ('729d4689-b409-41c5-9558-6b920f211a07', 'REG2024119', '2024-09-01', 'Elfassi', 'Shlomo', '2014-01-15', 'Féminin', 'Française', 'Paris, France', '189 Rue de Paris, 75001 Paris', '0644506202', NULL, '6ème', NULL, 'Parent de Shlomo', '0656828273', 'Allergie aux arachides', 'Actif', '[]', '18a09cde-ea72-4a0f-956c-949ca4ac4dc0', '826b91cb-f168-4e71-a539-e4fd6dfb6520', '2025-11-19 02:25:41.004986', '2025-11-20 00:31:13.937199');
INSERT INTO public.students VALUES ('04f1b00a-4dc2-4c24-9863-eda0f59ddca7', 'REG2024120', '2024-09-01', 'Sibony', 'Noam', '2014-06-06', 'Masculin', 'Française', 'Paris, France', '61 Rue de Paris, 75001 Paris', '0696542309', NULL, '6ème', NULL, 'Parent de Noam', '06680455', 'Allergie aux arachides', 'Actif', '[]', '18a09cde-ea72-4a0f-956c-949ca4ac4dc0', '826b91cb-f168-4e71-a539-e4fd6dfb6520', '2025-11-19 02:25:41.008547', '2025-11-20 00:31:13.951543');
INSERT INTO public.students VALUES ('5ef4867d-4640-4c69-a699-d43c4a0d0a98', 'REG2024122', '2024-09-01', 'Kalfon', 'Moche', '2014-03-01', 'Masculin', 'Française', 'Paris, France', '12 Rue de Paris, 75001 Paris', '0629472647', NULL, '6ème', NULL, 'Parent de Moche', '0619566218', NULL, 'Actif', '[]', '18a09cde-ea72-4a0f-956c-949ca4ac4dc0', '826b91cb-f168-4e71-a539-e4fd6dfb6520', '2025-11-19 02:25:41.015974', '2025-11-20 00:31:13.976514');
INSERT INTO public.students VALUES ('3e02e9b1-dac2-4911-b67d-35cc6ae21d4b', 'REG2024123', '2024-09-01', 'Cohen', 'Moche', '2014-07-16', 'Féminin', 'Française', 'Paris, France', '197 Rue de Paris, 75001 Paris', '0628963824', NULL, '6ème', NULL, 'Parent de Moche', '0681280915', NULL, 'Actif', '[]', '18a09cde-ea72-4a0f-956c-949ca4ac4dc0', '826b91cb-f168-4e71-a539-e4fd6dfb6520', '2025-11-19 02:25:41.019632', '2025-11-20 00:31:13.989994');
INSERT INTO public.students VALUES ('8947fe7f-db9e-4a5a-953e-70b3e1fa5d87', 'REG2024126', '2024-09-01', 'Levy', 'Sarah', '2014-05-01', 'Féminin', 'Française', 'Paris, France', '94 Rue de Paris, 75001 Paris', '0629419855', NULL, '6ème', NULL, 'Parent de Sarah', '0695118269', NULL, 'Actif', '[]', '18a09cde-ea72-4a0f-956c-949ca4ac4dc0', '826b91cb-f168-4e71-a539-e4fd6dfb6520', '2025-11-19 02:25:41.030467', '2025-11-20 00:31:14.504716');
INSERT INTO public.students VALUES ('864b63cb-e9e7-417f-9b49-5fde1f5baa7f', 'REG2024121', '2024-09-01', 'Toledano', 'Chana', '2014-08-07', 'Féminin', 'Française', 'Paris, France', '190 Rue de Paris, 75001 Paris', '0615007902', NULL, '6ème', NULL, 'Parent de Chana', '0645068176', NULL, 'Actif', '[]', '18a09cde-ea72-4a0f-956c-949ca4ac4dc0', '826b91cb-f168-4e71-a539-e4fd6dfb6520', '2025-11-19 02:25:41.01233', '2025-11-20 00:31:14.566289');
INSERT INTO public.students VALUES ('bb3a875a-f0c7-4354-820b-3d297df63b44', 'REG2024127', '2024-09-01', 'Elfassi', 'Lea', '2018-12-16', 'Féminin', 'Française', 'Paris, France', '124 Rue de Paris, 75001 Paris', '065177431', NULL, '6ème', NULL, 'Parent de Lea', '065015654', NULL, 'Actif', '[]', '18a09cde-ea72-4a0f-956c-949ca4ac4dc0', '826b91cb-f168-4e71-a539-e4fd6dfb6520', '2025-11-19 02:25:41.034487', '2025-11-19 02:25:41.034487');
INSERT INTO public.students VALUES ('de7bce19-fcb8-42d9-94f5-0cb42919a2ac', 'REG2024128', '2024-09-01', 'Toledano', 'Sarah', '2017-03-20', 'Féminin', 'Française', 'Paris, France', '156 Rue de Paris, 75001 Paris', '0682811073', NULL, '6ème', NULL, 'Parent de Sarah', '0675194643', NULL, 'Actif', '[]', '18a09cde-ea72-4a0f-956c-949ca4ac4dc0', '826b91cb-f168-4e71-a539-e4fd6dfb6520', '2025-11-19 02:25:41.038121', '2025-11-19 02:25:41.038121');
INSERT INTO public.students VALUES ('d7780473-399c-431b-b903-c2c3f9271c19', 'REG2024129', '2024-09-01', 'Levy', 'Lea', '2014-11-20', 'Féminin', 'Française', 'Paris, France', '69 Rue de Paris, 75001 Paris', '0679587884', NULL, '6ème', NULL, 'Parent de Lea', '0699009423', NULL, 'Actif', '[]', '18a09cde-ea72-4a0f-956c-949ca4ac4dc0', '826b91cb-f168-4e71-a539-e4fd6dfb6520', '2025-11-19 02:25:41.041444', '2025-11-19 02:25:41.041444');
INSERT INTO public.students VALUES ('e63ccb1c-1e77-4fdd-a85a-97faa1965537', 'REG2024130', '2024-09-01', 'Levy', 'Rachel', '2019-07-15', 'Féminin', 'Française', 'Paris, France', '104 Rue de Paris, 75001 Paris', '0643893020', NULL, '6ème', NULL, 'Parent de Rachel', '0626433309', NULL, 'Actif', '[]', '18a09cde-ea72-4a0f-956c-949ca4ac4dc0', '826b91cb-f168-4e71-a539-e4fd6dfb6520', '2025-11-19 02:25:41.044861', '2025-11-19 02:25:41.044861');
INSERT INTO public.students VALUES ('f6850a82-d169-4edb-b4ed-73ddce1258f7', 'REG2024131', '2024-09-01', 'Sibony', 'Shlomo', '2015-07-09', 'Masculin', 'Française', 'Paris, France', '154 Rue de Paris, 75001 Paris', '0691547050', NULL, '6ème', NULL, 'Parent de Shlomo', '0667409449', NULL, 'Actif', '[]', '18a09cde-ea72-4a0f-956c-949ca4ac4dc0', '826b91cb-f168-4e71-a539-e4fd6dfb6520', '2025-11-19 02:25:41.048337', '2025-11-19 02:25:41.048337');
INSERT INTO public.students VALUES ('bd6d764f-87b1-4753-8dd8-ca65180ae72c', 'REG2024133', '2024-09-01', 'Azoulay', 'Shlomo', '2013-07-23', 'Masculin', 'Française', 'Paris, France', '71 Rue de Paris, 75001 Paris', '0669383537', NULL, '6ème', NULL, 'Parent de Shlomo', '0628732927', NULL, 'Actif', '[]', '18a09cde-ea72-4a0f-956c-949ca4ac4dc0', '826b91cb-f168-4e71-a539-e4fd6dfb6520', '2025-11-19 02:25:41.055433', '2025-11-19 02:25:41.055433');
INSERT INTO public.students VALUES ('da0c3db5-702f-4d6a-bdd5-b2d40520b12e', 'REG2024134', '2024-09-01', 'Abitbol', 'Sarah', '2010-04-16', 'Masculin', 'Française', 'Paris, France', '70 Rue de Paris, 75001 Paris', '0685636234', NULL, '6ème', NULL, 'Parent de Sarah', '0651250589', NULL, 'Actif', '[]', '18a09cde-ea72-4a0f-956c-949ca4ac4dc0', '826b91cb-f168-4e71-a539-e4fd6dfb6520', '2025-11-19 02:25:41.059525', '2025-11-19 02:25:41.059525');
INSERT INTO public.students VALUES ('c6525e5d-ce75-4977-b281-84efce1bf5eb', 'REG2024136', '2024-09-01', 'Azoulay', 'Chana', '2010-10-16', 'Masculin', 'Française', 'Paris, France', '112 Rue de Paris, 75001 Paris', '0684702093', NULL, '6ème', NULL, 'Parent de Chana', '065829516', NULL, 'Actif', '[]', '18a09cde-ea72-4a0f-956c-949ca4ac4dc0', '826b91cb-f168-4e71-a539-e4fd6dfb6520', '2025-11-19 02:25:41.066767', '2025-11-19 02:25:41.066767');
INSERT INTO public.students VALUES ('2ed2be6e-35d9-4fb7-a619-ffa43fd6d537', 'REG2024135', '2024-09-01', 'Sibony', 'Lea', '2014-05-14', 'Féminin', 'Française', 'Paris, France', '50 Rue de Paris, 75001 Paris', '0666155384', NULL, '6ème', NULL, 'Parent de Lea', '0632225438', 'Allergie aux arachides', 'Actif', '[]', '18a09cde-ea72-4a0f-956c-949ca4ac4dc0', '826b91cb-f168-4e71-a539-e4fd6dfb6520', '2025-11-19 02:25:41.063109', '2025-11-20 00:31:14.526362');
INSERT INTO public.students VALUES ('3b5c96fd-69b7-4f3a-8cde-84abaad8bb6e', 'REG2024137', '2024-09-01', 'Benayoun', 'Yaakov', '2014-01-25', 'Masculin', 'Française', 'Paris, France', '7 Rue de Paris, 75001 Paris', '0659121022', NULL, '6ème', NULL, 'Parent de Yaakov', '0658580136', NULL, 'Actif', '[]', '18a09cde-ea72-4a0f-956c-949ca4ac4dc0', '826b91cb-f168-4e71-a539-e4fd6dfb6520', '2025-11-19 02:25:41.070417', '2025-11-20 00:31:14.536951');
INSERT INTO public.students VALUES ('4290128d-f661-4d59-93c4-69c15ec55f5c', 'REG2024138', '2024-09-01', 'Abitbol', 'Nathan', '2014-07-02', 'Féminin', 'Française', 'Paris, France', '7 Rue de Paris, 75001 Paris', '0615662840', NULL, '6ème', NULL, 'Parent de Nathan', '066054415', 'Allergie aux arachides', 'Actif', '[]', '18a09cde-ea72-4a0f-956c-949ca4ac4dc0', '826b91cb-f168-4e71-a539-e4fd6dfb6520', '2025-11-19 02:25:41.073806', '2025-11-20 00:31:14.546787');
INSERT INTO public.students VALUES ('9613c5d3-9372-4720-a4ab-fc8f4766cbd8', 'REG2024139', '2024-09-01', 'Sibony', 'Shlomo', '2014-04-22', 'Féminin', 'Française', 'Paris, France', '5 Rue de Paris, 75001 Paris', '0610466624', NULL, '6ème', NULL, 'Parent de Shlomo', '0688762581', 'Allergie aux arachides', 'Actif', '[]', '18a09cde-ea72-4a0f-956c-949ca4ac4dc0', '826b91cb-f168-4e71-a539-e4fd6dfb6520', '2025-11-19 02:25:41.077561', '2025-11-20 00:31:14.556602');
INSERT INTO public.students VALUES ('fc362559-c40d-4354-bf28-ee937daa015a', 'KDS2025CM2022', '2025-11-19', 'KOUASSI', 'Jean Blaise yako', '2015-03-27', 'Féminin', 'Ivoirienne', 'Abidjan', 'Plateau, Abidjan', '+225 07 12 34 56 78', 'jean.kouassi@email.com', 'CM2', 'École Primaire du Plateau', 'Marie KOUASSI', '+225 05 43 21 98 76', 'Aucune allergie connue', 'Actif', '[{"type": "Extrait de naissance", "status": "Manquant", "history": [{"user": "System", "action": "Document requis créé", "timestamp": "2025-11-19T11:52:06.185Z"}], "updatedAt": "2025-11-19T11:52:06.185Z"}, {"type": "Carnet de vaccination", "status": "Manquant", "history": [{"user": "System", "action": "Document requis créé", "timestamp": "2025-11-19T11:52:06.185Z"}], "updatedAt": "2025-11-19T11:52:06.185Z"}, {"type": "Autorisation parentale", "status": "Manquant", "history": [{"user": "System", "action": "Document requis créé", "timestamp": "2025-11-19T11:52:06.185Z"}], "updatedAt": "2025-11-19T11:52:06.185Z"}, {"type": "Fiche scolaire", "status": "Manquant", "history": [{"user": "System", "action": "Document requis créé", "timestamp": "2025-11-19T11:52:06.185Z"}], "updatedAt": "2025-11-19T11:52:06.185Z"}]', NULL, '0b6cf1c7-1cd7-4d98-ab28-5b168f32b21b', '2025-11-19 11:52:06.157312', '2025-11-20 09:27:52.646831');
INSERT INTO public.students VALUES ('77fcc233-857b-4075-9717-f98c3e6ac1a0', 'KDS25002', '2025-11-19', 'Adamo', 'Sanogo', '2014-08-17', 'Masculin', 'Burkinabé', 'Bobo Dioulasso', 'Cocody attoban,Eglise St Bernard, Cite Attoban, villa G45', '0799287555', 'perissosdigitals@gmail.com', '6ème', NULL, 'Ahoudji', '0799287555', NULL, 'Actif', '[]', NULL, '826b91cb-f168-4e71-a539-e4fd6dfb6520', '2025-11-19 23:00:23.144021', '2025-11-20 09:27:53.12485');
INSERT INTO public.students VALUES ('ae9deffb-3090-4e47-a21e-96cfd88e34d7', 'KDS25001', '2025-11-19', 'Frontend', 'TestCRUD', '2016-11-25', 'Masculin', 'Ivoirienne', 'Abidjan', 'Test Address', '0700000001', NULL, 'CM1', NULL, 'Parent Test', '0700000002', NULL, 'Actif', '[]', NULL, '9b24bde3-d785-4a1a-b464-b1e808b09725', '2025-11-19 13:46:27.510449', '2025-11-20 09:27:53.555047');
INSERT INTO public.students VALUES ('445d4181-bea6-4109-b895-b3ab853d39b5', 'REG2024007', '2024-09-01', 'Kalfon', 'Shlomo', '2019-09-20', 'Masculin', 'Française', 'Paris, France', '27 Rue de Paris, 75001 Paris', '0656830581', NULL, 'CP', NULL, 'Parent de Shlomo', '0638568983', NULL, 'Actif', '[]', '18a09cde-ea72-4a0f-956c-949ca4ac4dc0', 'e13a06c1-c9c1-4c48-9d5c-ea0b81bd3db1', '2025-11-19 02:25:40.578112', '2025-11-20 00:31:09.009312');
INSERT INTO public.students VALUES ('51ff2260-3060-4da2-bd8a-dc321ca3e840', 'REG2024028', '2024-09-01', 'Benayoun', 'Samuel', '2018-06-19', 'Féminin', 'Française', 'Paris, France', '96 Rue de Paris, 75001 Paris', '0635830336', NULL, 'CE1', NULL, 'Parent de Samuel', '0698614929', NULL, 'Actif', '[]', '18a09cde-ea72-4a0f-956c-949ca4ac4dc0', '1ac019cd-724e-48b8-9669-c7a5ce581132', '2025-11-19 02:25:40.661047', '2025-11-20 00:31:10.232933');
INSERT INTO public.students VALUES ('42283ffd-2748-4af1-9e30-e4f2bea35765', 'REG2024034', '2024-09-01', 'Levy', 'Samuel', '2018-10-21', 'Féminin', 'Française', 'Paris, France', '142 Rue de Paris, 75001 Paris', '069787976', NULL, 'CE1', NULL, 'Parent de Samuel', '067271203', NULL, 'Actif', '[]', '18a09cde-ea72-4a0f-956c-949ca4ac4dc0', '1ac019cd-724e-48b8-9669-c7a5ce581132', '2025-11-19 02:25:40.684909', '2025-11-20 00:31:10.26675');
INSERT INTO public.students VALUES ('1cf203be-4c26-451c-91eb-86ea27fce912', 'REG2024066', '2024-09-01', 'Kalfon', 'Lea', '2017-01-26', 'Masculin', 'Française', 'Paris, France', '53 Rue de Paris, 75001 Paris', '0668466092', NULL, 'CE2', NULL, 'Parent de Lea', '068617234', 'Allergie aux arachides', 'Actif', '[]', '18a09cde-ea72-4a0f-956c-949ca4ac4dc0', '6ad74053-8da7-4522-876a-a0af6df79450', '2025-11-19 02:25:40.804992', '2025-11-20 00:31:11.529972');
INSERT INTO public.students VALUES ('91f72c77-2a15-4b0a-a6bc-837b7601a408', 'REG2024080', '2024-09-01', 'Attias', 'Daniel', '2016-11-16', 'Masculin', 'Française', 'Paris, France', '92 Rue de Paris, 75001 Paris', '0644984542', NULL, 'CM1', NULL, 'Parent de Daniel', '0661593944', NULL, 'Actif', '[]', '18a09cde-ea72-4a0f-956c-949ca4ac4dc0', '9b24bde3-d785-4a1a-b464-b1e808b09725', '2025-11-19 02:25:40.859328', '2025-11-20 00:31:12.128151');
INSERT INTO public.students VALUES ('9a565082-58e4-4161-9c62-03e6581ef42b', 'REG2024096', '2024-09-01', 'Abitbol', 'Yitzhak', '2016-03-15', 'Féminin', 'Française', 'Paris, France', '184 Rue de Paris, 75001 Paris', '0622369123', NULL, 'CM1', NULL, 'Parent de Yitzhak', '0623506509', NULL, 'Actif', '[]', '18a09cde-ea72-4a0f-956c-949ca4ac4dc0', '9b24bde3-d785-4a1a-b464-b1e808b09725', '2025-11-19 02:25:40.918569', '2025-11-20 00:31:12.748134');
INSERT INTO public.students VALUES ('a1e6c97c-152f-4363-a02d-bd50684ac79a', 'REG2024132', '2024-09-01', 'Kalfon', 'Moche', '2014-05-17', 'Masculin', 'Française', 'Paris, France', '188 Rue de Paris, 75001 Paris', '0664972032', NULL, '6ème', NULL, 'Parent de Moche', '0674330269', 'Allergie aux arachides', 'Actif', '[]', '18a09cde-ea72-4a0f-956c-949ca4ac4dc0', '826b91cb-f168-4e71-a539-e4fd6dfb6520', '2025-11-19 02:25:41.051904', '2025-11-20 00:31:14.515673');
INSERT INTO public.students VALUES ('ed05401f-cf63-49b1-966b-090099013d7e', 'KDS2025CM2023', '2025-11-19', 'DIALLO DIABI', 'Fatou', '2015-11-24', 'Féminin', 'Ivoirienne', 'Yamoussoukro', 'Cocody, Abidjan', '+225 07 23 45 67 89', NULL, 'CM2', NULL, 'Ibrahim DIALLO', '+225 05 98 76 54 32', NULL, 'Actif', '[{"type": "Extrait de naissance", "status": "Manquant", "history": [{"user": "System", "action": "Document requis créé", "timestamp": "2025-11-19T11:52:16.346Z"}], "updatedAt": "2025-11-19T11:52:16.346Z"}, {"type": "Carnet de vaccination", "status": "Manquant", "history": [{"user": "System", "action": "Document requis créé", "timestamp": "2025-11-19T11:52:16.346Z"}], "updatedAt": "2025-11-19T11:52:16.346Z"}, {"type": "Autorisation parentale", "status": "Manquant", "history": [{"user": "System", "action": "Document requis créé", "timestamp": "2025-11-19T11:52:16.346Z"}], "updatedAt": "2025-11-19T11:52:16.346Z"}, {"type": "Fiche scolaire", "status": "Manquant", "history": [{"user": "System", "action": "Document requis créé", "timestamp": "2025-11-19T11:52:16.346Z"}], "updatedAt": "2025-11-19T11:52:16.346Z"}]', NULL, '0b6cf1c7-1cd7-4d98-ab28-5b168f32b21b', '2025-11-19 11:52:16.324339', '2025-11-20 09:27:52.621605');



INSERT INTO public.subjects VALUES ('e7d4000a-cdcf-448a-9f2e-15fa94e736d2', 'Mathématiques', 'MATH', NULL, 'Primaire', 5, 3.0, NULL, 1, '2025-11-19 02:25:40.519688', '2025-11-19 02:25:40.519688');
INSERT INTO public.subjects VALUES ('3f933c91-17cc-4f61-84f1-0c6034e1c6dc', 'Français', 'FR', NULL, 'Primaire', 5, 3.0, NULL, 1, '2025-11-19 02:25:40.523879', '2025-11-19 02:25:40.523879');
INSERT INTO public.subjects VALUES ('c9b734aa-a3f5-4e7c-b1d9-ce136d93bc84', 'Sciences', 'SCI', NULL, 'Primaire', 3, 2.0, NULL, 1, '2025-11-19 02:25:40.527392', '2025-11-19 02:25:40.527392');
INSERT INTO public.subjects VALUES ('22357c67-ea42-4f7d-972f-89313f713bed', 'Histoire-Géographie', 'HIST', NULL, 'Primaire', 2, 2.0, NULL, 1, '2025-11-19 02:25:40.53056', '2025-11-19 02:25:40.53056');
INSERT INTO public.subjects VALUES ('633a3ec3-f713-4e6c-bd77-0f7c52ecfc97', 'Anglais', 'ANG', NULL, 'Primaire', 2, 2.0, NULL, 1, '2025-11-19 02:25:40.533887', '2025-11-19 02:25:40.533887');
INSERT INTO public.subjects VALUES ('d7e45a35-afb9-47c0-9eda-603cd298cc52', 'Hébreu', 'HEB', NULL, 'Primaire', 4, 3.0, NULL, 1, '2025-11-19 02:25:40.537213', '2025-11-19 02:25:40.537213');
INSERT INTO public.subjects VALUES ('5dde05c0-8eb9-45c0-915a-36868c81a03c', 'Torah', 'TOR', NULL, 'Primaire', 6, 3.0, NULL, 1, '2025-11-19 02:25:40.540446', '2025-11-19 02:25:40.540446');
INSERT INTO public.subjects VALUES ('1291b64d-3764-44d3-89d5-4a8d25e1f64e', 'Sport', 'EPS', NULL, 'Primaire', 2, 1.0, NULL, 1, '2025-11-19 02:25:40.543777', '2025-11-19 02:25:40.543777');



INSERT INTO public.timetable_slots VALUES ('bac3a14f-3750-4a55-9757-8bb940f7f7a4', '60847cc8-814b-4d7c-8f2e-cf5ee3516854', 'e7d4000a-cdcf-448a-9f2e-15fa94e736d2', '743cf567-5eec-468f-858a-6ca1ff53b2e2', 'B-201', 1, '2024-2025', 'Lundi', '10:15', '12:00', '2025-11-20 15:07:20.995523', '2025-11-20 15:07:20.995523');
INSERT INTO public.timetable_slots VALUES ('40750063-94d8-4dec-8b88-19bb7245370b', '60847cc8-814b-4d7c-8f2e-cf5ee3516854', '22357c67-ea42-4f7d-972f-89313f713bed', '743cf567-5eec-468f-858a-6ca1ff53b2e2', 'B-201', 1, '2024-2025', 'Lundi', '14:00', '15:30', '2025-11-20 15:07:21.000043', '2025-11-20 15:07:21.000043');
INSERT INTO public.timetable_slots VALUES ('ab3d0e55-6ad0-4e81-a4f2-c98980647902', '60847cc8-814b-4d7c-8f2e-cf5ee3516854', 'e7d4000a-cdcf-448a-9f2e-15fa94e736d2', '743cf567-5eec-468f-858a-6ca1ff53b2e2', 'B-201', 1, '2024-2025', 'Mardi', '08:00', '10:00', '2025-11-20 15:07:21.001965', '2025-11-20 15:07:21.001965');
INSERT INTO public.timetable_slots VALUES ('8f7b91df-c2e4-4e77-a43d-f472df13f0c7', '60847cc8-814b-4d7c-8f2e-cf5ee3516854', 'c9b734aa-a3f5-4e7c-b1d9-ce136d93bc84', '743cf567-5eec-468f-858a-6ca1ff53b2e2', 'B-201', 1, '2024-2025', 'Mardi', '10:15', '12:00', '2025-11-20 15:07:21.00386', '2025-11-20 15:07:21.00386');
INSERT INTO public.timetable_slots VALUES ('9e002a1a-e203-434d-b5cd-d71c6cb4b8e7', '60847cc8-814b-4d7c-8f2e-cf5ee3516854', '1291b64d-3764-44d3-89d5-4a8d25e1f64e', '743cf567-5eec-468f-858a-6ca1ff53b2e2', 'GYMNASE', 1, '2024-2025', 'Mardi', '14:00', '15:30', '2025-11-20 15:07:21.005673', '2025-11-20 15:07:21.005673');
INSERT INTO public.timetable_slots VALUES ('84936b2a-9e22-4b0c-ab2d-a8aaa995476f', '60847cc8-814b-4d7c-8f2e-cf5ee3516854', '3f933c91-17cc-4f61-84f1-0c6034e1c6dc', '743cf567-5eec-468f-858a-6ca1ff53b2e2', 'B-201', 1, '2024-2025', 'Mercredi', '08:00', '10:00', '2025-11-20 15:07:21.007479', '2025-11-20 15:07:21.007479');
INSERT INTO public.timetable_slots VALUES ('88ec6784-c2ec-4b87-8cd0-6e4d0512ba92', '60847cc8-814b-4d7c-8f2e-cf5ee3516854', '5dde05c0-8eb9-45c0-915a-36868c81a03c', '743cf567-5eec-468f-858a-6ca1ff53b2e2', 'B-201', 1, '2024-2025', 'Mercredi', '10:15', '12:00', '2025-11-20 15:07:21.009289', '2025-11-20 15:07:21.009289');
INSERT INTO public.timetable_slots VALUES ('ccd94a91-17a1-4acc-b1ed-66dc5bff2a07', '60847cc8-814b-4d7c-8f2e-cf5ee3516854', '3f933c91-17cc-4f61-84f1-0c6034e1c6dc', '743cf567-5eec-468f-858a-6ca1ff53b2e2', 'B-201', 1, '2024-2025', 'Jeudi', '08:00', '10:00', '2025-11-20 15:07:21.010932', '2025-11-20 15:07:21.010932');
INSERT INTO public.timetable_slots VALUES ('2cb78132-5f62-4d8a-b138-0eff57419cb4', '60847cc8-814b-4d7c-8f2e-cf5ee3516854', 'e7d4000a-cdcf-448a-9f2e-15fa94e736d2', '743cf567-5eec-468f-858a-6ca1ff53b2e2', 'B-201', 1, '2024-2025', 'Jeudi', '10:15', '12:00', '2025-11-20 15:07:21.012559', '2025-11-20 15:07:21.012559');
INSERT INTO public.timetable_slots VALUES ('54a615af-f927-4b49-bc77-b42a6b41ddd3', '60847cc8-814b-4d7c-8f2e-cf5ee3516854', '633a3ec3-f713-4e6c-bd77-0f7c52ecfc97', '743cf567-5eec-468f-858a-6ca1ff53b2e2', 'B-201', 1, '2024-2025', 'Jeudi', '14:00', '15:30', '2025-11-20 15:07:21.014082', '2025-11-20 15:07:21.014082');
INSERT INTO public.timetable_slots VALUES ('9c5dde99-0d0f-4e9a-bd60-b9ca4d22c964', '60847cc8-814b-4d7c-8f2e-cf5ee3516854', 'e7d4000a-cdcf-448a-9f2e-15fa94e736d2', '743cf567-5eec-468f-858a-6ca1ff53b2e2', 'B-201', 1, '2024-2025', 'Vendredi', '08:00', '10:00', '2025-11-20 15:07:21.015518', '2025-11-20 15:07:21.015518');
INSERT INTO public.timetable_slots VALUES ('7508f6a4-d5da-4f31-af70-5806a6380505', '60847cc8-814b-4d7c-8f2e-cf5ee3516854', 'd7e45a35-afb9-47c0-9eda-603cd298cc52', '743cf567-5eec-468f-858a-6ca1ff53b2e2', 'B-201', 1, '2024-2025', 'Vendredi', '10:15', '12:00', '2025-11-20 15:07:21.017021', '2025-11-20 15:07:21.017021');
INSERT INTO public.timetable_slots VALUES ('1f1b1314-eca9-4855-bd12-fee96dbcaa96', 'e13a06c1-c9c1-4c48-9d5c-ea0b81bd3db1', '3f933c91-17cc-4f61-84f1-0c6034e1c6dc', '743cf567-5eec-468f-858a-6ca1ff53b2e2', 'A-101', 1, '2024-2025', 'Lundi', '08:00', '09:30', '2025-11-20 15:07:21.018631', '2025-11-20 15:07:21.018631');
INSERT INTO public.timetable_slots VALUES ('f62cadc8-815b-414e-bd24-4c90626d575d', 'e13a06c1-c9c1-4c48-9d5c-ea0b81bd3db1', 'e7d4000a-cdcf-448a-9f2e-15fa94e736d2', '743cf567-5eec-468f-858a-6ca1ff53b2e2', 'A-101', 1, '2024-2025', 'Lundi', '09:45', '11:15', '2025-11-20 15:07:21.020121', '2025-11-20 15:07:21.020121');
INSERT INTO public.timetable_slots VALUES ('79d269ae-ebd1-45d8-a941-984118851aa8', 'e13a06c1-c9c1-4c48-9d5c-ea0b81bd3db1', '1291b64d-3764-44d3-89d5-4a8d25e1f64e', '743cf567-5eec-468f-858a-6ca1ff53b2e2', 'COUR', 1, '2024-2025', 'Lundi', '14:00', '15:00', '2025-11-20 15:07:21.021687', '2025-11-20 15:07:21.021687');
INSERT INTO public.timetable_slots VALUES ('135c25cd-a869-4892-901f-e7f3460ed539', 'e13a06c1-c9c1-4c48-9d5c-ea0b81bd3db1', 'e7d4000a-cdcf-448a-9f2e-15fa94e736d2', '743cf567-5eec-468f-858a-6ca1ff53b2e2', 'A-101', 1, '2024-2025', 'Mardi', '08:00', '09:30', '2025-11-20 15:07:21.02313', '2025-11-20 15:07:21.02313');
INSERT INTO public.timetable_slots VALUES ('3cc31f05-c903-4d8d-bec9-0de3ca23fba4', 'e13a06c1-c9c1-4c48-9d5c-ea0b81bd3db1', '3f933c91-17cc-4f61-84f1-0c6034e1c6dc', '743cf567-5eec-468f-858a-6ca1ff53b2e2', 'A-101', 1, '2024-2025', 'Mardi', '09:45', '11:15', '2025-11-20 15:07:21.024623', '2025-11-20 15:07:21.024623');
INSERT INTO public.timetable_slots VALUES ('e4df01bb-74cc-4a67-b284-2599c644421b', 'e13a06c1-c9c1-4c48-9d5c-ea0b81bd3db1', '5dde05c0-8eb9-45c0-915a-36868c81a03c', '743cf567-5eec-468f-858a-6ca1ff53b2e2', 'A-101', 1, '2024-2025', 'Mardi', '14:00', '15:00', '2025-11-20 15:07:21.026112', '2025-11-20 15:07:21.026112');
INSERT INTO public.timetable_slots VALUES ('cc06be11-4121-4ec0-b8ac-a4a9b4ba416f', 'e13a06c1-c9c1-4c48-9d5c-ea0b81bd3db1', '3f933c91-17cc-4f61-84f1-0c6034e1c6dc', '743cf567-5eec-468f-858a-6ca1ff53b2e2', 'A-101', 1, '2024-2025', 'Mercredi', '08:00', '09:30', '2025-11-20 15:07:21.027743', '2025-11-20 15:07:21.027743');
INSERT INTO public.timetable_slots VALUES ('b4cfe7a3-aa6b-4820-a9a3-8d0cf4038c5e', 'e13a06c1-c9c1-4c48-9d5c-ea0b81bd3db1', 'c9b734aa-a3f5-4e7c-b1d9-ce136d93bc84', '743cf567-5eec-468f-858a-6ca1ff53b2e2', 'A-101', 1, '2024-2025', 'Mercredi', '09:45', '11:15', '2025-11-20 15:07:21.029463', '2025-11-20 15:07:21.029463');
INSERT INTO public.timetable_slots VALUES ('ee8600d9-fa55-4b43-9357-b05fa72c82c7', 'e13a06c1-c9c1-4c48-9d5c-ea0b81bd3db1', 'e7d4000a-cdcf-448a-9f2e-15fa94e736d2', '743cf567-5eec-468f-858a-6ca1ff53b2e2', 'A-101', 1, '2024-2025', 'Jeudi', '08:00', '09:30', '2025-11-20 15:07:21.030968', '2025-11-20 15:07:21.030968');
INSERT INTO public.timetable_slots VALUES ('ee8dee5a-847b-477c-9950-e088aeee3b0e', 'e13a06c1-c9c1-4c48-9d5c-ea0b81bd3db1', 'd7e45a35-afb9-47c0-9eda-603cd298cc52', '743cf567-5eec-468f-858a-6ca1ff53b2e2', 'A-101', 1, '2024-2025', 'Jeudi', '09:45', '11:15', '2025-11-20 15:07:21.032544', '2025-11-20 15:07:21.032544');
INSERT INTO public.timetable_slots VALUES ('07325473-3576-48f0-9ee8-9ef6560107af', 'e13a06c1-c9c1-4c48-9d5c-ea0b81bd3db1', '1291b64d-3764-44d3-89d5-4a8d25e1f64e', '743cf567-5eec-468f-858a-6ca1ff53b2e2', 'COUR', 1, '2024-2025', 'Jeudi', '14:00', '15:00', '2025-11-20 15:07:21.03414', '2025-11-20 15:07:21.03414');
INSERT INTO public.timetable_slots VALUES ('05fdf42a-be24-4ca3-9001-bc7b93a540ee', 'e13a06c1-c9c1-4c48-9d5c-ea0b81bd3db1', '3f933c91-17cc-4f61-84f1-0c6034e1c6dc', '743cf567-5eec-468f-858a-6ca1ff53b2e2', 'A-101', 1, '2024-2025', 'Vendredi', '08:00', '09:30', '2025-11-20 15:07:21.035688', '2025-11-20 15:07:21.035688');
INSERT INTO public.timetable_slots VALUES ('844e3511-45ac-48c5-aae7-221aa7e710e0', 'e13a06c1-c9c1-4c48-9d5c-ea0b81bd3db1', '5dde05c0-8eb9-45c0-915a-36868c81a03c', '743cf567-5eec-468f-858a-6ca1ff53b2e2', 'A-101', 1, '2024-2025', 'Vendredi', '09:45', '11:15', '2025-11-20 15:07:21.037061', '2025-11-20 15:07:21.037061');



\unrestrict LtLXBKrqATT01QK3oQYZEYQwdAc0asIpXzFKCt1XiscHzYiTtbbqcN4EPjaM2B0

